SALE TYPE,SOLD DATE,PROPERTY TYPE,ADDRESS,CITY,STATE OR PROVINCE,ZIP OR POSTAL CODE,PRICE,BEDS,BATHS,LOCATION,SQUARE FEET,LOT SIZE,YEAR BUILT,DAYS ON MARKET,$/SQUARE FEET,HOA/MONTH,STATUS,NEXT OPEN HOUSE START TIME,NEXT OPEN HOUSE END TIME,URL (SEE http://www.redfin.com/buy-a-home/comparative-market-analysis FOR INFO ON PRICING),SOURCE,MLS#,FAVORITE,INTERESTED,LATITUDE,LONGITUDE
MLS Listing,,Single Family Residential,2100 N 17th St,Boise,ID,83702,899000,3,2.5,Thatcher Add,2500,6098,2020,1,360,,Active,,,http://www.redfin.com/ID/Boise/2100-N-17th-St-83702/home/106787373,IMLS,98776112,N,Y,43.6392354,-116.2090583
MLS Listing,,Single Family Residential,4797 Arrowhead Way,Boise,ID,83709,268900,3,1,Southwestern Su,1127,9583,1982,1,239,,Active,,,http://www.redfin.com/ID/Boise/4797-Arrowhead-Way-83709/home/106757342,IMLS,98776108,N,Y,43.5594337,-116.2763667
MLS Listing,,Single Family Residential,12572 W Hidden Valley Dr,Boise,ID,83709,359000,3,2,Umpqua,2008,8712,2006,1,179,28,Active,,,http://www.redfin.com/ID/Boise/12572-W-Hidden-Valley-Dr-83709/home/106695360,IMLS,98776057,N,Y,43.537023,-116.3383234
MLS Listing,,Single Family Residential,547 E Orion Ct,Boise,ID,83702,2490000,5,4.5,Somerset Ridge,4695,25351,2007,1,530,117,Active,,,http://www.redfin.com/ID/Boise/547-E-Orion-Ct-83702/home/106678567,IMLS,98776083,N,Y,43.6367055,-116.1830072
MLS Listing,,Townhouse,5883 S Blue Nile Ave,Boise,ID,83709,299900,3,2.5,Anaheim,1667,3876,2008,1,180,23,Active,,,http://www.redfin.com/ID/Boise/5883-S-Blue-Nile-Ave-83709/home/106715138,IMLS,98776061,N,Y,43.5498171,-116.3338805
MLS Listing,,Single Family Residential,3878 E Collingwood St,Meridian,ID,83642,340900,3,2,Meridian SW - 1010,1618,7100,2020,1,211,67,Active,,,http://www.redfin.com/ID/Meridian/3878-E-Collingwood-St-83642/home/172660841,IMLS,98776070,N,Y,43.5482851,-116.3459123
MLS Listing,,Single Family Residential,3460 N Jullion St,Boise,ID,83704,309900,3,2,Meadowlark Sub,1387,8276,1975,1,223,,Active,,,http://www.redfin.com/ID/Boise/3460-Jullion-St-83704/home/106749822,IMLS,98776036,N,Y,43.6362621,-116.3065022
MLS Listing,,Single Family Residential,9052 W Donnybrook Ct,Boise,ID,83709,339000,3,2,Maple Hill Sub,1706,7056,1978,1,199,30,Active,,,http://www.redfin.com/ID/Boise/W-Donnybrook-Dr-83709/home/106734633,IMLS,98775999,N,Y,43.601796,-116.295013
MLS Listing,,Single Family Residential,12763 W Broadleaf St,Boise,ID,83713,379900,4,2.5,Anthem,2648,7405,2009,1,143,30,Active,,,http://www.redfin.com/ID/Boise/12763-W-Broadleaf-St-83713/home/106782876,IMLS,98776043,N,Y,43.6349125,-116.3415095
MLS Listing,,Single Family Residential,4713 W Catalpa Dr,Boise,ID,83703,449000,3,2.5,Boise NW - 0800,2142,6098,2004,1,210,,Active,,,http://www.redfin.com/ID/Boise/4713-W-Catalpa-Dr-83703/home/106803222,IMLS,98776042,N,Y,43.655336,-116.247621
MLS Listing,,Single Family Residential,11438 W Jennie Lakes St,Boise,ID,83709,349900,3,2.5,Sequoia Ridge,1710,6534,2007,1,205,25,Active,,,http://www.redfin.com/ID/Boise/11438-W-Jennie-Lakes-St-83709/home/106676953,IMLS,98776025,N,Y,43.5485468,-116.3250011
MLS Listing,,Single Family Residential,9722 W Blue Meadows St,Boise,ID,83709,339900,3,2.5,Blue Meadows,1934,6098,2006,1,176,26,Active,,,http://www.redfin.com/ID/Boise/9722-W-Blue-Meadows-St-83709/home/106691738,IMLS,98775813,N,Y,43.5607951,-116.3031383
MLS Listing,,Single Family Residential,1215 W Melrose St,Boise,ID,83706,314900,2,1,Orchard Park Ad,960,6098,1955,1,328,,Active,,,http://www.redfin.com/ID/Boise/1215-W-Melrose-St-83706/home/106683920,IMLS,98775969,N,Y,43.5815026,-116.1968232
MLS Listing,,Single Family Residential,5490 S Pepperridge Way,Boise,ID,83709,437900,3,2,Peppertree,2008,10890,2008,1,218,23,Active,,,http://www.redfin.com/ID/Boise/5490-S-Pepperridge-Way-83709/home/106711768,IMLS,98775938,N,Y,43.5531359,-116.3207778
MLS Listing,,Single Family Residential,1502 N 24th St,Boise,ID,83702,1400000,5,4,Ellis Addition,3752,11761,2004,1,373,,Active,,,http://www.redfin.com/ID/Boise/1502-N-24th-St-83702/home/106766640,IMLS,98775937,N,Y,43.6340584,-116.2180046
MLS Listing,,Townhouse,5643 S Caper Ln,Boise,ID,83716-6930,249500,2,1.5,Columbia Villag,1101,3484,1998,1,227,104,Active,,,http://www.redfin.com/ID/Boise/5643-S-Caper-Pl-83716/home/106693464,IMLS,98775905,N,Y,43.550812,-116.134242
MLS Listing,,Single Family Residential,2026 E Goodman Ct,Boise,ID,83712,1100000,5,3.5,Trolley Est,4234,9583,1994,1,260,30,Active,,,http://www.redfin.com/ID/Boise/2026-E-Goodman-Ct-83712/home/106747513,IMLS,98775903,N,Y,43.600479,-116.1699787
MLS Listing,,Single Family Residential,2589 S Georgetown Pl #8129,Boise,ID,83709,399900,3,2,Charleston Plac,2011,10018,1998,1,199,20,Active,,,http://www.redfin.com/ID/Boise/2589-S-Georgetown-Pl-83709/unit-8129/home/172650629,IMLS,98775898,N,Y,43.5796462,-116.3092303
MLS Listing,,Townhouse,3455 S Poco Loco,Boise,ID,83705,235000,2,1.5,Greenland Sub,956,2613,1994,1,246,,Active,,,http://www.redfin.com/ID/Boise/3455-S-Poco-Loco-Pl-83705/home/106701199,IMLS,98775885,N,Y,43.5711352,-116.2014982
MLS Listing,,Single Family Residential,3595 E Mardia St,Meridian,ID,83642,479900,4,2.5,Century Farm,2570,7927,2020,3,187,50,Active,,,http://www.redfin.com/ID/Meridian/3595-E-Mardia-St-83642/home/172647401,IMLS,98775850,N,Y,43.5504833,-116.3494136
MLS Listing,,Single Family Residential,421 S Curtis #33,Boise,ID,83705,259900,3,2,Brooke View,1452,,2014,4,179,,Active,,,http://www.redfin.com/ID/Boise/421-S-Curtis-Rd-83705/unit-33/home/145176973,IMLS,98775814,N,Y,43.6012261,-116.2568018
MLS Listing,,Single Family Residential,1907 S lake Heron Ln,Boise,ID,83706-0000,710000,3,3,River Run Estates,2650,5227,1980,4,268,239,Active,August-5-2020 10:00 AM,August-5-2020 02:00 PM,http://www.redfin.com/ID/Boise/1907-Lake-Heron-Ln-83706/home/106703885,IMLS,98775806,N,Y,43.589835,-116.17109
MLS Listing,,Single Family Residential,7056 E Los Carneros Dr,Boise,ID,83706,615000,3,2.5,Boise NE - 0200,2055,6229,2020,4,299,50,Active,,,http://www.redfin.com/ID/Boise/7056-E-Los-Carneros-DR-83706/home/172644840,IMLS,98775799,N,Y,43.5921208,-116.1933302
MLS Listing,,Single Family Residential,7062 E Los Carneros Dr,Boise,ID,83716,615000,3,2.5,Boise NE - 0200,2070,6229,2020,4,297,50,Active,,,http://www.redfin.com/ID/Boise/7062-E-Los-Carneros-DR-Unknown/home/172644834,IMLS,98775798,N,Y,43.6150186,-116.2023137
MLS Listing,,Single Family Residential,7044 E Los Carneros Dr,Boise,ID,83716,615000,3,2.5,Boise NE - 0200,2070,6229,2020,4,297,50,Active,,,http://www.redfin.com/ID/Boise/7044-E-Los-Carneros-DR-Unknown/home/172644320,IMLS,98775785,N,Y,43.6150186,-116.2023137
MLS Listing,,Single Family Residential,7755 Bridlewood,Boise,ID,83704,350000,4,2,Manorwood Sub,1920,9583,1969,4,182,,Active,,,http://www.redfin.com/ID/Boise/7755-Bridlewood-Cir-83704/home/106663883,IMLS,98775764,N,Y,43.641396,-116.2784924
MLS Listing,,Condo/Co-op,1412 N McKinney Ln,Boise,ID,83704,349900,3,2.5,The Orchards at Fairview,1816,,2011,4,193,225,Active,,,http://www.redfin.com/ID/Boise/1412-N-McKinney-Ln-83704/home/106671953,IMLS,98775754,N,Y,43.6177455,-116.2670627
MLS Listing,,Single Family Residential,2003 N Cole,Boise,ID,83704,429000,9,4,Westland Acres,3400,10890,1956,4,126,,Active,,,http://www.redfin.com/ID/Boise/2003-N-Cole-Rd-83704/home/106652968,IMLS,98775753,N,Y,43.6232443,-116.2745084
MLS Listing,,Single Family Residential,1305 N Chelsea St,Boise,ID,83704,314900,4,2,Colehaven Sub,1510,7840,1965,4,209,,Active,,,http://www.redfin.com/ID/Boise/1305-Chelsea-St-83704/home/106744432,IMLS,98775730,N,Y,43.6171006,-116.2765811
MLS Listing,,Single Family Residential,6577 E Bend Ridge St,Boise,ID,83716,359000,4,2.5,Sunny Ridge,1621,4007,2016,4,221,40,Active,,,http://www.redfin.com/ID/Boise/6577-E-Bend-Ridge-St-83716/home/109561084,IMLS,98775729,N,Y,43.5303502,-116.1023388
MLS Listing,,Single Family Residential,3575 E Mardia St,Meridian,ID,83642,524900,4,3.5,Century Farm,2775,7971,2020,4,189,50,Active,,,http://www.redfin.com/ID/Meridian/3575-E-Mardia-St-83642/home/172642699,IMLS,98775723,N,Y,43.550481,-116.3496663
MLS Listing,,Single Family Residential,45 Rocky Canyon Rd,Boise,ID,83716,2499000,4,4,East Boise County - 1450,5098,35719200,2017,4,490,,Active,,,http://www.redfin.com/ID/Boise/45-Rocky-Canyon-Rd-83716/home/115180749,IMLS,98775707,N,Y,43.6372893,-116.0198848
MLS Listing,,Single Family Residential,10241 W Guinevere Dr,Boise,ID,83704,313500,3,1.5,Camelot Sub Ada,1496,8712,1973,4,210,,Active,,,http://www.redfin.com/ID/Boise/10241-Guinevere-Dr-83704/home/106650275,IMLS,98775700,N,Y,43.6325497,-116.3102016
MLS Listing,,Single Family Residential,1207 N Happy Dr,Boise,ID,83706,785000,3,3,Pioneer Terrace,3430,13068,1956,4,229,,Active,,,http://www.redfin.com/ID/Boise/1207-Happy-Dr-83706/home/106703595,IMLS,98774984,N,Y,43.6154828,-116.2313262
MLS Listing,,Single Family Residential,3004 N 36th St,Boise,ID,83703,325000,2,1,Dumont,805,4791,1912,4,404,,Active,,,http://www.redfin.com/ID/Boise/3004-36th-St-83703/home/106701138,IMLS,98775682,N,Y,43.6474581,-116.233122
MLS Listing,,Condo/Co-op,119 S 10th #401,Boise,ID,83702,685000,2,2,One Nineteen,1500,,2016,4,457,323,Active,,,http://www.redfin.com/ID/Boise/119-S-10th-St-83702/unit-401/home/109561086,IMLS,98775671,N,Y,43.6165374,-116.206601
MLS Listing,,Single Family Residential,2713 W Hazel St,Boise,ID,83702,349999,2,1,Packenhams Add,881,3049,1920,4,397,,Active,,,http://www.redfin.com/ID/Boise/2713-W-Hazel-St-83702/home/106668205,IMLS,98775672,N,Y,43.6344899,-116.2228593
MLS Listing,,Condo/Co-op,5122 S Surprise Way #205,Boise,ID,83716,340000,2,2,Pool Condo,1470,,1997,4,231,286,Active,,,http://www.redfin.com/ID/Boise/5122-S-Surprise-Way-83716/unit-205/home/106775234,IMLS,98775665,N,Y,43.5565172,-116.1232586
MLS Listing,,Single Family Residential,10420 W Huntwood Dr,Boise,ID,83709,244900,3,1,Fox Meadow Sub,960,17859,1975,4,255,,Active,,,http://www.redfin.com/ID/Boise/10420-W-Huntwood-Dr-83709/home/106663806,IMLS,98775659,N,Y,43.537518,-116.312329
MLS Listing,,Single Family Residential,10553 W Harness,Boise,ID,83709,725000,4,3,Wellington Heights,2604,114562,1996,4,278,83,Active,,,http://www.redfin.com/ID/Boise/10553-W-Harness-Dr-83709/home/106800308,IMLS,98775630,N,Y,43.558707,-116.313374
MLS Listing,,Mobile/Manufactured Home,2156 Blue Lake Ln #46,Boise,ID,83716,129764,3,2,Blue Valley,1279,,2020,4,101,,Active,,,http://www.redfin.com/ID/Boise/2156-Blue-Lake-Ln-83716/unit-46/home/172640450,IMLS,98775627,N,Y,43.5268491,-116.1573614
MLS Listing,,Single Family Residential,9617 W Tanglewood Dr,Boise,ID,83709,340000,4,2,Charter Pointe,2013,7187,2014,4,169,33,Active,,,http://www.redfin.com/ID/Boise/9617-W-Tanglewood-Dr-83709/home/106715850,IMLS,98775624,N,Y,43.5324244,-116.3019437
MLS Listing,,Single Family Residential,6105 E Hootowl Dr,Boise,ID,83716,999999,3,2.5,Harris North,3090,11979,2017,4,324,83,Active,,,http://www.redfin.com/ID/Boise/6105-E-Hootowl-Dr-83716/home/142666386,IMLS,98775623,N,Y,43.5763287,-116.1127426
MLS Listing,,Single Family Residential,5971 N Collister,Boise,ID,83703,549900,4,3,Briarhill Sub,2884,10062,1979,5,191,15,Active,,,http://www.redfin.com/ID/Boise/5971-N-Collister-Dr-83703/home/106740259,IMLS,98775598,N,Y,43.6745474,-116.236726
MLS Listing,,Single Family Residential,2316 W Kootenai St,Boise,ID,83705,339900,4,2,Whitehead,1933,7405,1948,5,176,,Active,,,http://www.redfin.com/ID/Boise/2316-W-Kootenai-St-83705/home/106653439,IMLS,98775560,N,Y,43.5936414,-116.2109223
MLS Listing,,Single Family Residential,1612 N 21st St,Boise,ID,83702,998000,4,3,Ellis Addition,3449,6098,1923,5,289,,Active,,,http://www.redfin.com/ID/Boise/1612-N-21st-St-83702/home/106657830,IMLS,98775553,N,Y,43.6352124,-116.2142346
MLS Listing,,Single Family Residential,2718 E Rhyolite Way,Boise,ID,83712,624900,4,3,Warm Springs Me,2026,10454,1962,5,308,,Active,,,http://www.redfin.com/ID/Boise/2718-E-Rhyolite-Way-83712/home/106716598,IMLS,98775536,N,Y,43.5857777,-116.1548007
MLS Listing,,Single Family Residential,4620 W Denton,Boise,ID,83706,459000,4,2,Cleo Court,2368,5227,1954,5,194,,Active,,,http://www.redfin.com/ID/Boise/4620-W-Denton-St-83706/home/106765347,IMLS,98775483,N,Y,43.6099991,-116.2395581
MLS Listing,,Single Family Residential,6418 W Dorian,Boise,ID,83709,299999,3,1,Borah Heights,1075,7405,1964,5,279,,Active,August-8-2020 10:00 AM,August-8-2020 04:00 PM,http://www.redfin.com/ID/Boise/6418-W-Dorian-St-83709/home/106660945,IMLS,98775469,N,Y,43.5889986,-116.26196
MLS Listing,,Townhouse,1909 S Springbrook,Boise,ID,83706,440000,2,2.5,River Run Sub,1422,3049,1985,5,309,304,Active,,,http://www.redfin.com/ID/Boise/1909-S-Springbrook-Ln-83706/home/106703575,IMLS,98775434,N,Y,43.5880318,-116.1675884
MLS Listing,,Single Family Residential,3233 E Red Stone Dr,Boise,ID,83712,649900,4,2.5,Boulder Heights,3016,11761,1993,5,215,,Active,,,http://www.redfin.com/ID/Boise/3233-E-Red-Stone-Dr-83712/home/106681970,IMLS,98775429,N,Y,43.5884671,-116.1467575
MLS Listing,,Single Family Residential,2615 W Kathryn Cir,Boise,ID,83705,359900,4,2,Cherry Lane Mea,1956,11325,1955,5,184,,Active,,,http://www.redfin.com/ID/Boise/W-Kathryn-St-83705/home/106700930,IMLS,98775415,N,Y,43.57947,-116.214581
MLS Listing,,Single Family Residential,5969 S Hill Farm Way,Meridian,ID,83642,539900,4,3,Century Farm,2965,8973,2020,6,182,50,Active,,,http://www.redfin.com/ID/Meridian/5969-S-Hill-Farm-Way-83642/home/172615984,IMLS,98775382,N,Y,43.5505965,-116.3501625
MLS Listing,,Single Family Residential,5605 W Plymouth St,Boise,ID,83706-1061,499900,4,2.5,Cruzen Mtn View,2638,10715,1954,6,189,,Active,,,http://www.redfin.com/ID/Boise/5605-W-Plymouth-St-83706/home/106732178,IMLS,98775361,N,Y,43.6228054,-116.251438
MLS Listing,,Single Family Residential,7823 S Cape View Way,Boise,ID,83709,340000,4,2.5,Charter Pointe,2323,7405,2017,6,146,37,Active,,,http://www.redfin.com/ID/Boise/7823-S-Cape-View-Way-83709/home/144011026,IMLS,98775343,N,Y,43.5318585,-116.2975866
MLS Listing,,Single Family Residential,9826 W Mossy Cup,Boise,ID,83709,429900,3,2,Carolina Place,2327,10454,1999,6,185,20,Active,,,http://www.redfin.com/ID/Boise/9826-W-Mossy-Cup-St-83709/home/106654064,IMLS,98775313,N,Y,43.5780059,-116.3045529
MLS Listing,,Single Family Residential,2609 N Columbine Ave,Boise,ID,83713-5257,454884,4,3.5,Princeton PL,2796,8276,2006,6,163,17,Active,,,http://www.redfin.com/ID/Boise/2609-N-Columbine-Ave-83713/home/106773683,IMLS,98775305,N,Y,43.6286395,-116.3272551
MLS Listing,,Single Family Residential,5213 W Franklin Rd,Boise,ID,83705,349900,4,2,Knox Sub,1416,5662,1946,6,247,,Active,,,http://www.redfin.com/ID/Boise/5213-W-Franklin-Rd-83705/home/106695032,IMLS,98775303,N,Y,43.602618,-116.2467282
MLS Listing,,Single Family Residential,17 Daggett Rim Rd,Boise,ID,83716,399900,3,2,Wilderness Ranch,1500,25700,2020,7,267,205,Active,,,http://www.redfin.com/ID/Boise/17-Daggett-Rim-Rd-83716/home/145604523,IMLS,98775281,N,Y,43.676224,-115.9855313
MLS Listing,,Condo/Co-op,419 S 8th St #309,Boise,ID,83702,488000,1,1,Historical Complication Condominiums,1088,,1929,7,449,264,Active,,,http://www.redfin.com/ID/Boise/419-S-8th-St-83702/unit-309/home/106684012,IMLS,98775266,N,Y,43.6128575,-116.2066169
MLS Listing,,Mobile/Manufactured Home,2109 Blue Sage #116,Boise,ID,83716,99000,3,2,Blue Valley,1216,,2015,7,81,,Active,,,http://www.redfin.com/ID/Boise/2109-Blue-Sage-Ln-83716/unit-116/home/145578295,IMLS,98774947,N,Y,43.5243946,-116.1575065
MLS Listing,,Single Family Residential,2876 S Grebe Pl,Boise,ID,83716,949000,4,3.5,Harris North,3485,11761,2018,7,272,108,Active,,,http://www.redfin.com/ID/Boise/2876-Grebe-Pl-83716/home/142666373,IMLS,98775232,N,Y,43.5757842,-116.1141839
MLS Listing,,Townhouse,3326 E Front Runner Ln,Boise,ID,83716,459900,2,2.5,Park Place,1995,1393,2016,7,231,125,Active,,,http://www.redfin.com/ID/Boise/3326-E-Front-Runner-Ln-83716/home/109558903,IMLS,98775206,N,Y,43.5732832,-116.1438654
MLS Listing,,Single Family Residential,5921 E Foxgrove Dr,Boise,ID,83716,1050000,4,3.5,Harris North,3375,9931,2020,8,311,108,Active,,,http://www.redfin.com/ID/Boise/5921-E-Foxgrove-DR-Unknown/home/172006302,IMLS,98775151,N,Y,43.6150186,-116.2023137
MLS Listing,,Single Family Residential,3617 N Sawgrass Way,Boise,ID,83704,564990,5,3,Bayhill Springs,3574,8712,1992,8,158,28,Active,,,http://www.redfin.com/ID/Boise/3617-N-Sawgrass-Way-83704/home/106693597,IMLS,98775130,N,Y,43.6373837,-116.2800391
MLS Listing,,Single Family Residential,1533 S Boulder View Ln,Boise,ID,83712,749000,3,2.5,Boise NE - 0200,2683,7405,2020,8,279,65,Active,,,http://www.redfin.com/ID/Boise/S-Boulder-Dr-83709/home/168213557,IMLS,98775128,N,Y,43.589399,-116.160841
MLS Listing,,Single Family Residential,3323 E Heartleaf Dr,Boise,ID,83716,849500,5,3,Superior Ridge,4939,14810,2010,8,172,35,Active,,,http://www.redfin.com/ID/Boise/3323-E-Heartleaf-Dr-83716/home/106725106,IMLS,98775122,N,Y,43.5419472,-116.1425822
MLS Listing,,Single Family Residential,13511 W Annabrook Dr,Boise,ID,83713,420000,5,3.5,Hobble Creek,3088,10367,1998,8,136,35,Active,,,http://www.redfin.com/ID/Boise/13511-W-Annabrook-Dr-83713/home/106717371,IMLS,98775066,N,Y,43.6596023,-116.3509272
MLS Listing,,Single Family Residential,5641 E Hootowl Dr,Boise,ID,83716,1100000,3,3,Harris North,3013,10018,2017,9,365,108,Active,August-8-2020 01:00 PM,August-8-2020 04:00 PM,http://www.redfin.com/ID/Boise/5641-E-Hootowl-Dr-83716/home/142666341,IMLS,98775018,N,Y,43.5760298,-116.1185105
MLS Listing,,Single Family Residential,10189 W Edna,Boise,ID,83704,299000,4,2,Shenandoah West,2443,8276,1987,9,122,5,Active,,,http://www.redfin.com/ID/Boise/10189-W-Edna-St-83704/home/106777988,IMLS,98775006,N,Y,43.6417151,-116.3090822
MLS Listing,,Single Family Residential,6815 E Warm Springs Ave,Boise,ID,83716,649900,4,3,East Valley Sub,2669,6098,2018,9,243,58,Active,,,http://www.redfin.com/ID/Boise/6815-E-Warm-Springs-Ave-83716/home/146240332,IMLS,98774198,N,Y,43.5550837,-116.0988936
MLS Listing,,Townhouse,8989 W Landmark Ct,Boise,ID,83704,317900,2,2,Juniper Townhom,1421,3049,1994,9,224,130,Active,,,http://www.redfin.com/ID/Boise/8989-W-Landmark-Ct-83704/home/106683129,IMLS,98774978,N,Y,43.623236,-116.2937981
MLS Listing,,Single Family Residential,4688 N Arrow Villa Way,Boise,ID,83703,879900,5,3.5,Eyrie Canyon,3897,20429,2005,9,226,37,Active,,,http://www.redfin.com/ID/Boise/4688-N-Arrow-Villa-Way-83703/home/106768912,IMLS,98773639,N,Y,43.6602684,-116.215528
MLS Listing,,Single Family Residential,9734 Macaw,Boise,ID,83704,374900,3,2.5,Eronel,1964,4225,2020,11,191,20,Active,,,http://www.redfin.com/ID/Boise/9734-W-Macaw-St-83704/home/168211910,IMLS,98774936,N,Y,43.6294622,-116.3040219
MLS Listing,,Single Family Residential,2057 S White Pine Ln,Boise,ID,83706,899900,3,2.5,River Run Sub,3046,13503,1983,11,295,130,Active,,,http://www.redfin.com/ID/Boise/2057-S-White-Pine-Ln-83706/home/106719220,IMLS,98774920,N,Y,43.586547,-116.1690534
MLS Listing,,Single Family Residential,3501 S Centennial Way,Boise,ID,83706,469900,5,3,Centennial Sub,2112,8712,1976,11,222,,Active,,,http://www.redfin.com/ID/Boise/3501-S-Centennial-Way-83706/home/106717281,IMLS,98774916,N,Y,43.5705833,-116.1671994
MLS Listing,,Condo/Co-op,851 W Front St #1101,Boise,ID,83702,769000,2,2,The Aspen Lofts,1586,,2009,11,485,675,Active,,,http://www.redfin.com/ID/Boise/851-W-Front-St-83702/unit-1101/home/106693583,IMLS,98774896,N,Y,43.6141528,-116.2054417
MLS Listing,,Single Family Residential,9718 Macaw,Boise,ID,83704,369000,3,2.5,Eronel,1884,4268,2020,11,196,20,Active,,,http://www.redfin.com/ID/Boise/9718-W-Macaw-St-83704/home/168211915,IMLS,98774855,N,Y,43.629462,-116.3037168
MLS Listing,,Mobile/Manufactured Home,7833 W Manassas Ln,Garden City,ID,83714,112800,2,2,Shenandoah,990,,2017,11,114,,Active,,,http://www.redfin.com/ID/Boise/7833-Manassas-Ln-83714/home/172575401,IMLS,98774838,N,Y,43.6709741,-116.2853643
MLS Listing,,Single Family Residential,286 W Sherman,Boise,ID,83702,749900,4,3,Hillside Sub,2406,8276,1996,11,312,,Active,,,http://www.redfin.com/ID/Boise/286-W-Sherman-St-83702/home/106692578,IMLS,98774829,N,Y,43.6282419,-116.1906136
MLS Listing,,Single Family Residential,7431 Wilshire,Boise,ID,83704,314900,3,1.5,Westland Acres,1385,13503,1955,11,227,,Active,,,http://www.redfin.com/ID/Boise/7431-Wilshire-Dr-83704/home/106684602,IMLS,98774827,N,Y,43.6206658,-116.2756134
MLS Listing,,Single Family Residential,2613 N Woody Dr,Boise,ID,83703,349000,2,1,Woody,620,9147,1947,11,563,,Active,,,http://www.redfin.com/ID/Boise/2613-Woody-Dr-83703/home/106690093,IMLS,98774792,N,Y,43.6440065,-116.2356602
MLS Listing,,Single Family Residential,12553 W Woodmurra Ct,Boise,ID,83709,419900,4,3.5,Rockhampton,2493,8276,2000,11,168,27,Active,,,http://www.redfin.com/ID/Boise/12553-W-Woodmurra-Ct-83709/home/106794052,IMLS,98774787,N,Y,43.5603667,-116.3386144
MLS Listing,,Single Family Residential,6412 W Lion Ave,Boise,ID,83709-2941,274900,3,1,Boise Bench - 0400,1363,11194,1963,11,202,,Active,,,http://www.redfin.com/ID/Boise/6412-W-Lion-Ave-83709/home/106783005,IMLS,98774785,N,Y,43.5874157,-116.2611917
MLS Listing,,Single Family Residential,11533 W Jenilyn Ct,Boise,ID,83713,379000,4,2,Demeyer Estates,2775,8712,1990,11,137,,Active,,,http://www.redfin.com/ID/Boise/11533-W-Jenilyn-Ct-83713/home/106796270,IMLS,98774469,N,Y,43.654522,-116.3259341
MLS Listing,,Single Family Residential,4730 S Silvermaple Ave,Boise,ID,83709,425000,3,3,Blue Meadows,2580,8276,2006,11,165,26,Active,,,http://www.redfin.com/ID/Boise/4730-S-Silvermaple-Ave-83709/home/106711505,IMLS,98774776,N,Y,43.5599691,-116.2994485
MLS Listing,,Single Family Residential,5490 S Palatino,Meridian,ID,83642,580000,5,3.5,Century Farm,3314,9060,2016,12,175,50,Active,,,http://www.redfin.com/ID/Meridian/5490-S-Palatino-Ave-83642/home/109557055,IMLS,98774760,N,Y,43.5551785,-116.353066
MLS Listing,,Townhouse,3280 E Front Runner Ln,Boise,ID,83716,450000,3,2.5,Park Place,1901,1393,2016,12,237,125,Active,,,http://www.redfin.com/ID/Boise/3280-E-Front-Runner-Ln-83716/home/109558328,IMLS,98772821,N,Y,43.5739592,-116.1444717
MLS Listing,,Single Family Residential,3679 N Lena Ave,Boise,ID,83713,300000,3,2,Huntington Park,1026,6969,1987,12,292,,Active,,,http://www.redfin.com/ID/Boise/3679-N-Lena-Ave-83713/home/106785865,IMLS,98774757,N,Y,43.6382342,-116.3291447
MLS Listing,,Single Family Residential,8555 W Thunder Mountain Dr,Boise,ID,83709,469900,4,3.5,Sunset Rim Sub,2807,6795,2001,12,167,,Active,,,http://www.redfin.com/ID/Boise/8555-W-Thunder-Mountain-Dr-83709/home/106714956,IMLS,98774752,N,Y,43.5644962,-116.2887974
MLS Listing,,Single Family Residential,719 S Wickham Fen Way,Boise,ID,83709,399000,5,3,Brookhollow,2616,9060,1980,12,153,,Active,,,http://www.redfin.com/ID/Boise/719-S-Wickham-Fen-Way-83709/home/106719465,IMLS,98774723,N,Y,43.5985015,-116.3236814
MLS Listing,,Single Family Residential,3015 N Arthur Cir,Boise,ID,83703,379900,4,1,Taft Manor Sub,1267,6969,1970,12,300,,Active,,,http://www.redfin.com/ID/Boise/3015-N-Arthur-St-83703/home/106671993,IMLS,98774703,N,Y,43.6477922,-116.2376737
MLS Listing,,Single Family Residential,2626 N 23rd Ln,Boise,ID,83702,699900,4,3,Boise North - 0100,2706,5270,2016,12,259,21,Active,,,http://www.redfin.com/ID/Boise/2626-N-23rd-St-83702/home/109559726,IMLS,98774651,N,Y,43.6436766,-116.2167136
MLS Listing,,Single Family Residential,2001 N Harrison Blvd,Boise,ID,83702,899000,4,2,North Locust Gr,3564,6098,1921,12,252,,Active,,,http://www.redfin.com/ID/Boise/2001-N-Harrison-Blvd-83702/home/106703564,IMLS,98774547,N,Y,43.6365558,-116.2086167
MLS Listing,,Single Family Residential,5857 E Black Gold St,Boise,ID,83716,531900,4,3,Painted Ridge (Boise),2906,8102,2018,12,183,40,Active,August-8-2020 01:00 PM,August-8-2020 04:00 PM,http://www.redfin.com/ID/Boise/5857-E-Black-Gold-St-83716/home/144117750,IMLS,98774630,N,Y,43.5276922,-116.1112444
MLS Listing,,Single Family Residential,1211 E Shaw Mountian,Boise,ID,83712,999000,3,3.5,Boise NE - 0200,2512,14157,2020,12,398,,Active,,,http://www.redfin.com/ID/Boise/1211-E-Shaw-Mountain-Ct-83712/home/172550101,IMLS,98774628,N,Y,43.6146663,-116.1776507
MLS Listing,,Single Family Residential,1373 W Martin St,Boise,ID,83706,585000,2,2,Gatewood,1844,7274,1997,12,317,90,Active,,,http://www.redfin.com/ID/Boise/1373-Martin-St-83706/home/106664976,IMLS,98774620,N,Y,43.5885902,-116.1982486
MLS Listing,,Single Family Residential,11986 W Rader Dr,Boise,ID,83713,438000,5,3,Demeyer Park,3000,7187,1997,12,146,23,Active,,,http://www.redfin.com/ID/Boise/11986-W-Rader-Dr-83713/home/106659820,IMLS,98774604,N,Y,43.6504615,-116.3317216
MLS Listing,,Single Family Residential,1811 N 14th,Boise,ID,83702-2641,699900,4,2.5,Brumbacks Add,1980,6098,1941,12,353,,Active,,,http://www.redfin.com/ID/Boise/1811-N-14th-St-83702/home/106796250,IMLS,98774597,N,Y,43.6332965,-116.2048061
MLS Listing,,Single Family Residential,11017 W Wampum Dr,Boise,ID,83704,266000,3,2,Frontier Sub,1399,8712,1976,13,190,,Active,,,http://www.redfin.com/ID/Boise/11017-Wampum-Dr-83713/home/106729258,IMLS,98774505,N,Y,43.6346114,-116.3196182
MLS Listing,,Single Family Residential,4737 N Pennfield,Boise,ID,83713,294000,3,2,Hewett Park Sub,1302,6098,1987,13,226,,Active,,,http://www.redfin.com/ID/Boise/4737-N-Pennfield-Pl-83713/home/106694313,IMLS,98773760,N,Y,43.6482284,-116.3231494
MLS Listing,,Townhouse,7436 W Garden Gln,Boise,ID,83714,349000,3,2,Glenbrook Twnhm,1864,7840,1997,14,187,150,Active,August-8-2020 01:00 PM,August-8-2020 03:00 PM,http://www.redfin.com/ID/Boise/7436-W-Garden-Glen-Dr-83714/home/106773582,IMLS,98774446,N,Y,43.6707051,-116.2808499
MLS Listing,,Single Family Residential,2858 S Shady Ln,Boise,ID,83716,571211,4,3,Boise NE - 0200,2778,3876,2020,14,206,116,Active,,,http://www.redfin.com/ID/Boise/2858-Shady-Ln-83716/home/172532942,IMLS,98774433,N,Y,43.5779159,-116.1299726
MLS Listing,,Single Family Residential,2315 S Broadway Ave,Boise,ID,83706,1200000,5,3,Orchard Park Ad,3921,49614,1912,14,306,,Active,,,http://www.redfin.com/ID/Boise/2315-Broadway-Ave-83706/home/106722946,IMLS,98774385,N,Y,43.5820868,-116.1942916
MLS Listing,,Condo/Co-op,851 W Front St #1401,Boise,ID,83702,2399000,3,2.5,The Aspen Lofts,4237,,2009,14,566,1353,Active,,,http://www.redfin.com/ID/Boise/851-W-Front-St-83702/unit-1401/home/106685667,IMLS,98774361,N,Y,43.6141485,-116.2054497
MLS Listing,,Single Family Residential,2118 N Springland Pl,Boise,ID,83713,429000,4,4,Shamrock West,2919,12414,1996,14,147,13,Active,,,http://www.redfin.com/ID/Boise/2118-N-Springland-Pl-83713/home/106723025,IMLS,98774354,N,Y,43.6240772,-116.3215362
MLS Listing,,Single Family Residential,4235 E Raincloud Ln,Boise,ID,83716,514533,4,3.5,Boise NE - 0200,2362,2003,2020,17,218,116,Active,,,http://www.redfin.com/ID/Boise/4235-E-Raincloud-LN-Unknown/home/172522547,IMLS,98774146,N,Y,43.6150186,-116.2023137
MLS Listing,,Single Family Residential,4229 E Raincloud Ln,Boise,ID,83716,504874,4,3.5,Boise NE - 0200,2191,2003,2020,17,230,116,Active,,,http://www.redfin.com/ID/Boise/4229-E-Raincloud-LN-Unknown/home/172522411,IMLS,98774143,N,Y,43.6150186,-116.2023137
MLS Listing,,Single Family Residential,3880 N Patricia Ln,Boise,ID,83704,269900,2,1.5,Boise W-Garden City - 0650,942,6969,2008,17,287,,Active,,,http://www.redfin.com/ID/Boise/3880-N-Patricia-Ln-83704/home/106714224,IMLS,98774126,N,Y,43.640302,-116.297887
MLS Listing,,Mobile/Manufactured Home,1242 N Oakwood,Boise,ID,83704,84900,3,2,Maple Grove Estates,1152,,1995,17,74,,Active,,,http://www.redfin.com/ID/Boise/1242-N-Oakwood-Ln-83704/home/145180362,IMLS,98774120,N,Y,43.6163242,-116.290173
MLS Listing,,Single Family Residential,6320 S San Luis,Boise,ID,83709,534900,4,3,Hidden Valley Estates,2750,36154,1973,17,195,,Active,,,http://www.redfin.com/ID/Boise/6320-S-San-Luis-Way-83709/home/106785830,IMLS,98773710,N,Y,43.5454026,-116.3325959
MLS Listing,,Single Family Residential,1311 N Shamrock,Boise,ID,83713-7950,279999,3,2,Azure Meadows S,1533,8276,1936,18,183,11,Active,,,http://www.redfin.com/ID/Boise/1311-N-Shamrock-Ave-83713/home/106769650,IMLS,98774073,N,Y,43.6168226,-116.324766
MLS Listing,,Single Family Residential,10804 W Spring River St,Boise,ID,83709,384900,4,2.5,Cumberland,2617,8189,2006,18,147,21,Active,,,http://www.redfin.com/ID/Boise/10804-W-Spring-River-St-83709/home/106799928,IMLS,98773960,N,Y,43.5535624,-116.316682
MLS Listing,,Single Family Residential,8918 W Amity Rd,Boise,ID,83709,294900,3,2,New York Landng,1236,6098,2000,18,239,25,Active,,,http://www.redfin.com/ID/Boise/8918-W-Amity-Rd-83709/home/106736261,IMLS,98773876,N,Y,43.5612833,-116.2929169
MLS Listing,,Single Family Residential,2211 S Janeen,Boise,ID,83709,496000,3,3.5,Randall Acres S,2030,12632,1956,18,244,,Active,,,http://www.redfin.com/ID/Boise/2211-S-Janeen-St-83709/home/106798817,IMLS,98773943,N,Y,43.5821597,-116.2563883
MLS Listing,,Townhouse,3219 N Native Ln,Boise,ID,83704,405000,3,2.5,Native Edge,1781,3049,1997,18,227,70,Active,,,http://www.redfin.com/ID/Boise/3219-N-Native-Ln-83704/home/106751805,IMLS,98773930,N,Y,43.6345839,-116.270764
MLS Listing,,Single Family Residential,2425 N Heights Dr,Boise,ID,83702,595000,3,2,Rogers Heights,1608,5662,1985,19,370,,Active,,,http://www.redfin.com/ID/Boise/2425-Heights-Dr-83702/home/106671054,IMLS,98773912,N,Y,43.633189,-116.1953381
MLS Listing,,Single Family Residential,14122 W Bunkerhill,Boise,ID,83713,478750,5,3,Madison Park,3024,8799,1996,19,158,25,Active,,,http://www.redfin.com/ID/Boise/14122-W-Bunkerhill-St-83713/home/106741734,IMLS,98773922,N,Y,43.6480229,-116.3584124
MLS Listing,,Single Family Residential,6315 E Wildhorse Ln,Boise,ID,83712,2970000,3,3.5,Wildhorse Ranch,4025,1808262,2013,19,738,,Active,,,http://www.redfin.com/ID/Boise/6315-E-Wild-Horse-Ln-83712/home/106676258,IMLS,98773882,N,Y,43.617525,-116.10899
MLS Listing,,Condo/Co-op,5908 Bremerton,Boise,ID,83714,329000,2,2.5,Tana Heights,1592,,2009,19,207,80,Active,,,http://www.redfin.com/ID/Boise/5908-N-Bremerton-Pl-83714/home/106654803,IMLS,98773866,N,Y,43.673999,-116.277622
MLS Listing,,Single Family Residential,2311 N 34th St,Boise,ID,83703,749000,3,2.5,Boise North - 0100,3117,5662,2015,19,240,,Active,,,http://www.redfin.com/ID/Boise/2311-N-34th-St-83703/home/106726519,IMLS,98773828,N,Y,43.6413738,-116.2311464
MLS Listing,,Single Family Residential,3203 S Lindsay,Boise,ID,83705,249900,2,1,Davis Acres,1136,6098,1910,19,220,,Active,,,http://www.redfin.com/ID/Boise/3203-S-Lindsay-Ave-83705/home/106717257,IMLS,98773824,N,Y,43.5734611,-116.199938
MLS Listing,,Condo/Co-op,2500 Bogus Basin Rd #300,Boise,ID,83702,599900,2,3,Highlands Village,2222,,2006,19,270,462,Active,,,http://www.redfin.com/ID/Boise/2500-N-Bogus-Basin-Rd-83702/unit-300/home/172511099,IMLS,98773820,N,Y,43.642189,-116.20693
MLS Listing,,Single Family Residential,3703 N Lakegrove Way,Boise,ID,83713,364900,4,2,Combes Park,1880,9147,1992,19,194,4,Active,,,http://www.redfin.com/ID/Boise/3703-N-Lakegrove-Pl-83713/home/106700601,IMLS,98773811,N,Y,43.638422,-116.3329
MLS Listing,,Single Family Residential,6825 Brentwood,Boise,ID,83709,379900,5,3,Randolph-Robert,2352,11543,1963,19,162,,Active,,,http://www.redfin.com/ID/Boise/6825-Brentwood-Dr-83709/home/106665338,IMLS,98773769,N,Y,43.5913078,-116.2677003
MLS Listing,,Single Family Residential,4977 N Hollow Ln,Boise,ID,83702,998000,4,5.5,Crane Creek Hol,4654,6098,1985,20,214,290,Active,,,http://www.redfin.com/ID/Boise/4977-N-Hollow-Ln-83702/home/106730077,IMLS,98773731,N,Y,43.6578795,-116.1757957
MLS Listing,,Single Family Residential,10966 W Highlander Rd,Boise,ID,83709,599000,5,3,Five Mile Estat,2902,35719,1973,20,206,,Active,,,http://www.redfin.com/ID/Boise/10966-W-Highlander-Rd-83709/home/106694151,IMLS,98773642,N,Y,43.5568922,-116.3186949
MLS Listing,,Condo/Co-op,1411 Grand Ave #104,Boise,ID,83702,345000,3,1.5,Boise North - 0100,1095,,2008,20,315,206,Active,,,http://www.redfin.com/ID/Boise/1411-W-Grand-Ave-83702/unit-104/home/106711055,IMLS,98773728,N,Y,43.6169213,-116.2141318
MLS Listing,,Single Family Residential,2837 Creek Pointe Ln,Eagle,ID,83616,560000,3,2,Lakemoor,2207,6534,2015,21,254,133,Active,,,http://www.redfin.com/ID/Eagle/2837-S-Creek-Pointe-Ln-83616/home/109554683,IMLS,98773568,N,Y,43.6693213,-116.3503579
MLS Listing,,Mobile/Manufactured Home,8569 Blue Hill Ln,Boise,ID,83716,109900,4,2,Blue Valley,1890,,2002,21,58,,Active,,,http://www.redfin.com/ID/Boise/8569-Blue-Hill-Ln-83716/home/147624045,IMLS,98773541,N,Y,43.5246633,-116.1589021
MLS Listing,,Mobile/Manufactured Home,2283 Blue Lake Ln,Boise,ID,83716,114900,3,2,Blue Valley,1344,,2019,22,85,,Active,,,http://www.redfin.com/ID/Boise/2283-Blue-Lake-Ln-83716/home/167122224,IMLS,98773525,N,Y,43.5259208,-116.1556716
MLS Listing,,Single Family Residential,9585 W Bronze Dr,Boise,ID,83709,354900,5,3,Charter Pointe,3596,7318,2006,22,99,37,Active,,,http://www.redfin.com/ID/Boise/9585-W-Bronze-Dr-83709/home/106681743,IMLS,98773436,N,Y,43.5425036,-116.3015445
MLS Listing,,Mobile/Manufactured Home,9915 Abram Ln,Boise,ID,83704,59900,2,2,Granger Sub,924,,1981,23,65,,Active,,,http://www.redfin.com/ID/Boise/9915-Abram-Ln-83704/home/172480658,IMLS,98773396,N,Y,43.6288236,-116.3045801
MLS Listing,,Single Family Residential,3822 W Lemhi,Boise,ID,83705,1000000,3,1,Eagleson Sub,1128,48351,1944,24,887,,Active,,,http://www.redfin.com/ID/Boise/3822-Lemhi-St-83705/home/106744133,IMLS,98773364,N,Y,43.583767,-116.229636
MLS Listing,,Single Family Residential,11519 N 20TH Pl,Boise,ID,83714,524900,3,2,Cartwright Ranch,1860,8581,2020,24,282,84,Active,,,http://www.redfin.com/ID/Boise/11519-N-20th-St-83702/home/172454850,IMLS,98773278,N,Y,43.634628,-116.2133183
MLS Listing,,Single Family Residential,2349 N Broadview,Boise,ID,83702,915000,3,3,Somerset Ridge,2745,16117,1991,25,333,108,Active,August-8-2020 12:00 PM,August-8-2020 03:00 PM,http://www.redfin.com/ID/Boise/2349-N-Broadview-Pl-83702/home/106788318,IMLS,98772956,N,Y,43.6353064,-116.1945509
MLS Listing,,Single Family Residential,4665 N Bantry Pl,Boise,ID,83702,798000,5,3.5,Highlands Unit,3173,11325,1993,25,251,17,Active,,,http://www.redfin.com/ID/Boise/4665-N-Bantry-Pl-83702/home/106785535,IMLS,98773235,N,Y,43.6549176,-116.1740421
MLS Listing,,Single Family Residential,10870 W Camas St,Boise,ID,83709,399900,5,3,Paradise North,2736,20037,1986,25,146,,Active,,,http://www.redfin.com/ID/Boise/10870-W-Camas-St-83709/home/106811250,IMLS,98772868,N,Y,43.5966145,-116.3178579
MLS Listing,,Townhouse,7749 W Crestwood Dr,Boise,ID,83704,399000,2,2.5,Boise West - 0600,1609,1829,2020,25,248,60,Active,,,http://www.redfin.com/ID/Boise/7749-W-Crestwood-Dr-83704/home/172433010,IMLS,98773200,N,Y,43.6446669,-116.2787202
MLS Listing,,Townhouse,7755 Crestwood Dr,Boise,ID,83704,399000,3,2.5,Boise West - 0600,1619,2003,2020,25,246,60,Active,,,http://www.redfin.com/ID/Boise/7755-W-Crestwood-Dr-83704/home/106775042,IMLS,98773199,N,Y,43.6446589,-116.2787966
MLS Listing,,Townhouse,7797 W Crestwood Dr,Boise,ID,83704,372000,3,2.5,Boise West - 0600,1609,1916,2020,25,231,60,Active,,,http://www.redfin.com/ID/Boise/7797-W-Crestwood-Dr-83704/home/172432894,IMLS,98773198,N,Y,43.6447153,-116.2793742
MLS Listing,,Single Family Residential,303 W Carter,Boise,ID,83706,475000,3,2,Lakewood,2012,4486,1978,25,236,87,Active,,,http://www.redfin.com/ID/Boise/303-W-Carter-St-83706/home/106665139,IMLS,98773191,N,Y,43.5731895,-116.1848717
MLS Listing,,Single Family Residential,9909 W Lillywood Dr,Boise,ID,83709,349900,3,2,Devonshire,1843,7405,2016,26,190,25,Active,,,http://www.redfin.com/ID/Boise/9909-W-Lillywood-Dr-83709/home/109555248,IMLS,98773062,N,Y,43.5401713,-116.3053365
MLS Listing,,Single Family Residential,3635 E Mardia St,Meridian,ID,83642,555777,3,2.5,Century Farm,2574,7971,2020,26,216,50,Active,,,http://www.redfin.com/ID/Meridian/3635-E-Mardia-St-83642/home/172406921,IMLS,98773021,N,Y,43.5504858,-116.3489291
MLS Listing,,Single Family Residential,112 E Boise,Boise,ID,83706-4302,600000,3,2,Boise SE - 0300,2128,23958,1950,26,282,,Active,,,http://www.redfin.com/ID/Boise/112-E-Boise-Ave-83706/home/106733483,IMLS,98772399,N,Y,43.586422,-116.182816
MLS Listing,,Single Family Residential,2007 S Surrey Rd,Boise,ID,83709,550000,4,3,Three Mile Cree,2457,20603,2020,26,224,,Active,,,http://www.redfin.com/ID/Boise/2007-Surrey-Rd-83709/home/106675109,IMLS,98772974,N,Y,43.585341,-116.285929
MLS Listing,,Single Family Residential,2550 S Flotilla Ave,Boise,ID,83706,649500,4,3,Regatta Place S,2914,13024,1992,26,223,27,Active,,,http://www.redfin.com/ID/Boise/2550-S-Flotilla-Ave-83706/home/106757263,IMLS,98772540,N,Y,43.5796398,-116.1675124
MLS Listing,,Townhouse,277 S COSTON,Boise,ID,83712,459900,3,2.5,Warm Springs Ho,2308,3484,1979,27,199,309,Active,,,http://www.redfin.com/ID/Boise/277-S-Coston-Ln-83712/home/106760755,IMLS,98772925,N,Y,43.6032717,-116.1783949
MLS Listing,,Single Family Residential,11612 W Overland Rd,Boise,ID,83709,340000,3,2.5,Aralar Park,1802,4791,2016,27,189,67,Active,,,http://www.redfin.com/ID/Boise/11612-W-Overland-Rd-83709/home/109558344,IMLS,98772900,N,Y,43.5904571,-116.3268213
MLS Listing,,Single Family Residential,6824 Fairfield,Boise,ID,83709,550000,4,3.5,Randolph-Robert,2407,10018,2019,27,229,,Active,,,http://www.redfin.com/ID/Boise/6824-Fairfield-Ave-83709/home/106784948,IMLS,98772884,N,Y,43.5961272,-116.2658498
MLS Listing,,Single Family Residential,2300 W Palouse St,Boise,ID,83705,375000,5,2,Sorenson Sub,2538,10890,1955,28,148,,Active,,,http://www.redfin.com/ID/Boise/2300-W-Palouse-St-83705/home/106667275,IMLS,98772814,N,Y,43.5855478,-116.2100126
MLS Listing,,Townhouse,7406 W Althea Ct,Boise,ID,83709,268000,2,1,Churchill,854,4225,1982,28,314,,Active,,,http://www.redfin.com/ID/Boise/7406-Althea-Ct-83709/home/106740285,IMLS,98772802,N,Y,43.5953548,-116.2744305
MLS Listing,,Single Family Residential,9900 E Sandy Point Ln,Boise,ID,83716,985000,3,3,Boise NE - 0200,2412,479595,1990,28,408,,Active,,,http://www.redfin.com/ID/Boise/9900-E-Sandy-Point-Ln-83716/home/106653805,IMLS,98772731,N,Y,43.532331,-116.065393
MLS Listing,,Single Family Residential,2804 E Hard Rock Dr,Boise,ID,83712,1125000,4,3,El Paseo,3215,13982,2020,29,350,50,Active,,,http://www.redfin.com/ID/Boise/2804-E-Hard-Rock-Dr-83712/home/106739233,IMLS,98772700,N,Y,43.587589,-116.152699
MLS Listing,,Single Family Residential,6747 E Zaffre Ridge St,Boise,ID,83716,388540,3,2,Boise SE - 0300,1530,6229,2020,29,254,29,Active,,,http://www.redfin.com/ID/Boise/6747-E-Alta-Ridge-Ct-83716/home/172385358,IMLS,98772687,N,Y,43.5422558,-116.1369488
MLS Listing,,Single Family Residential,8274 S Bogus Ridge St,Boise,ID,83716,429990,4,2,Boise SE - 0300,2025,7230,2020,29,212,29,Active,,,http://www.redfin.com/ID/Boise/8274-S-Bogus-Ridge-Way-83716/home/172385271,IMLS,98772685,N,Y,43.5279544,-116.0998234
MLS Listing,,Single Family Residential,8262 S Bogus Ridge St,Boise,ID,83716,471774,4,2.5,Boise SE - 0300,2530,7492,2020,29,186,29,Active,,,http://www.redfin.com/ID/Boise/8262-S-Bogus-Ridge-Way-83716/home/172382473,IMLS,98772620,N,Y,43.5279544,-116.0998234
MLS Listing,,Condo/Co-op,1751 Bogus Basin Rd #201,Boise,ID,83702,275000,0,1,East Boise County - 1450,483,,1975,30,569,367,Active,,,http://www.redfin.com/ID/Boise/1751-N-Bogus-Basin-Rd-83702/unit-201/home/115252773,IMLS,98772617,N,Y,43.7714581,-116.1054154
MLS Listing,,Townhouse,11295 W Gabrielle Dr,Boise,ID,83713,244900,2,2.5,Boise W-Garden City - 0650,1157,1176,2020,30,212,55,Active,,,http://www.redfin.com/ID/Boise/11295-W-Gabrielle-Dr-83713/home/172380644,IMLS,98772603,N,Y,43.6182429,-116.3216145
MLS Listing,,Single Family Residential,1112 S Owyhee,Boise,ID,83705,695000,3,3.5,State Sub,3039,25264,1935,31,229,,Active,,,http://www.redfin.com/ID/Boise/1112-S-Owyhee-St-83705/home/106732169,IMLS,98772583,N,Y,43.5940352,-116.2231044
MLS Listing,,Single Family Residential,607 W Beeson St,Boise,ID,83706-0000,349900,2,2,Boise SE - 0300,1300,9147,1954,31,269,,Active,,,http://www.redfin.com/ID/Boise/607-W-Beeson-St-83706/home/106802406,IMLS,98772577,N,Y,43.5778431,-116.1889767
MLS Listing,,Single Family Residential,3301 S Cole Rd,Boise,ID,83709,714900,7,5,Boise South - 0500,5209,34455,1986,32,137,,Active,,,http://www.redfin.com/ID/Boise/3301-S-Cole-Rd-83709/home/106805094,IMLS,98772574,N,Y,43.5731138,-116.27456
MLS Listing,,Single Family Residential,7244 W Mojave Dr,Boise,ID,83709,329900,3,2,Indian Creek Su,1534,7405,1982,32,215,,Active,,,http://www.redfin.com/ID/Boise/7244-W-Mojave-Dr-83709/home/109560074,IMLS,98772511,N,Y,43.5595575,-116.2716092
MLS Listing,,Single Family Residential,2102 S Latah St,Boise,ID,83705,380000,3,2,Steins Add,1748,6098,1942,33,217,,Active,,,http://www.redfin.com/ID/Boise/2102-S-Latah-St-83705/home/106811744,IMLS,98772441,N,Y,43.5835073,-116.228198
MLS Listing,,Single Family Residential,620 N 25th,Boise,ID,83702,434000,4,1.5,Pleasanton Add,2170,6098,1936,33,200,,Active,,,http://www.redfin.com/ID/Boise/620-N-25th-St-83702/home/106722577,IMLS,98772341,N,Y,43.6269458,-116.2209108
MLS Listing,,Single Family Residential,1712 S Vermont,Boise,ID,83706,475000,3,3,Dundee,1701,3136,2020,34,279,,Active,,,http://www.redfin.com/ID/Boise/1712-S-Vermont-Ave-83706/home/106777250,IMLS,98772297,N,Y,43.5914698,-116.1995918
MLS Listing,,Single Family Residential,1710 S Vermont,Boise,ID,83706,475000,3,3,Dundee,1701,3136,2020,34,279,,Active,,,http://www.redfin.com/ID/Boise/1710-S-Vermont-Ave-83706/home/172347012,IMLS,98772296,N,Y,43.5915013,-116.1995341
MLS Listing,,Single Family Residential,6977 W Amity Rd,Boise,ID,83709,399900,4,3,Indian Lake Sub,1988,9278,1981,34,201,,Active,,,http://www.redfin.com/ID/Boise/6977-W-Amity-Rd-83709/home/106781258,IMLS,98772246,N,Y,43.5607617,-116.2685294
MLS Listing,,Single Family Residential,2170 E Gossamer Ln,Boise,ID,83706,3998000,5,5,Spring Meadow 2,9265,177724,1990,34,432,60,Active,,,http://www.redfin.com/ID/Boise/2170-E-Gossamer-Ln-83706/home/106727513,IMLS,98772234,N,Y,43.5793219,-116.1564226
MLS Listing,,Mobile/Manufactured Home,616 Empress St,Boise,ID,83713,79900,3,2,Rustic Acres,1152,,1983,34,69,,Active,,,http://www.redfin.com/ID/Boise/616-Empress-St-83713/home/172343066,IMLS,98772231,N,Y,43.6153772,-116.3226511
MLS Listing,,Condo/Co-op,323 W Jefferson #207,Boise,ID,83702,425000,1,1,The Jefferson,877,,2009,35,485,307,Active,,,http://www.redfin.com/ID/Boise/323-W-Jefferson-St-83702/unit-207/home/106687521,IMLS,98771891,N,Y,43.6151282,-116.1963965
MLS Listing,,Mobile/Manufactured Home,975 N Fawn Ln,Boise,ID,83704,69900,2,2,Maple Grove Estates,784,,2013,36,89,491,Active,,,http://www.redfin.com/ID/Boise/975-N-Fawn-Ln-83704/home/172330227,IMLS,98772113,N,Y,43.6136802,-116.2913965
MLS Listing,,Single Family Residential,8709 W Ben Ct,Boise,ID,83714,419900,4,2,Stan's Homeplace,3224,12196,1966,39,130,21,Active,,,http://www.redfin.com/ID/Boise/8709-W-Ben-St-83714/home/106813694,IMLS,98771899,N,Y,43.68442,-116.294438
MLS Listing,,Single Family Residential,415 S Cotterell Dr,Boise,ID,83709-0413,749000,4,2.5,Maple Grove Estates,3399,55190,2005,39,220,,Active,,,http://www.redfin.com/ID/Boise/415-S-Cotterell-Dr-83709/home/106678607,IMLS,98771871,N,Y,43.6009224,-116.3037026
MLS Listing,,Single Family Residential,6766 E Zaffre Ridge St,Boise,ID,83716,433062,3,2.5,Boise SE - 0300,2342,7056,2020,39,185,29,Active,,,http://www.redfin.com/ID/Boise/6766-E-Alta-Ridge-Ct-83716/home/172642302,IMLS,98771866,N,Y,43.5422558,-116.1369488
MLS Listing,,Single Family Residential,5043 N Corralero Ln,Boise,ID,83702,1300000,4,3.5,Hackberry North,3713,11630,2021,39,350,50,Active,,,http://www.redfin.com/ID/Boise/5043-N-Corralero-LN-83702/home/165838892,IMLS,98771861,N,Y,43.6624385,-116.1630431
MLS Listing,,Single Family Residential,4598 N Eyrie Way,Boise,ID,83703,848500,3,2.5,Eyrie Canyon,2700,20908,2020,39,314,33,Active,,,http://www.redfin.com/ID/Boise/4598-N-Eyrie-Way-83703/home/172275133,IMLS,98771800,N,Y,43.6629609,-116.2167966
MLS Listing,,Single Family Residential,1505 E Jefferson,Boise,ID,83712,799900,5,3.5,Boise NE - 0200,2663,13068,1950,39,300,,Active,August-9-2020 01:00 PM,August-9-2020 03:00 PM,http://www.redfin.com/ID/Boise/1505-E-Jefferson-St-83712/home/106707488,IMLS,98771769,N,Y,43.6061455,-116.1759735
MLS Listing,,Mobile/Manufactured Home,2401 S Owyhee #31,Boise,ID,83705,119900,3,2,Owyhee Estates,1279,,2018,40,94,,Active,,,http://www.redfin.com/ID/Boise/2401-S-Owyhee-St-83705/unit-31/home/145547029,IMLS,98771651,N,Y,43.58147,-116.224665
MLS Listing,,Single Family Residential,1619 S EMPIRE,Boise,ID,83709,394900,4,2,Borah Heights,1629,11761,1963,41,242,,Active,,,http://www.redfin.com/ID/Boise/1619-S-Empire-Way-83709/home/106660647,IMLS,98771535,N,Y,43.5892577,-116.2595412
MLS Listing,,Condo/Co-op,880 W River St #201,Boise,ID,83702,599900,2,2.5,Cultural District Condominiums,1569,,2019,41,382,485,Active,,,http://www.redfin.com/ID/Boise/880-W-River-St-83702/unit-201/home/148731974,IMLS,98771536,N,Y,43.6112942,-116.2094031
MLS Listing,,Single Family Residential,911 N Houston Rd,Boise,ID,83706,995000,6,4.5,Crestview Park,5162,8712,2006,41,193,,Active,,,http://www.redfin.com/ID/Boise/911-Houston-Rd-83706/home/106736124,IMLS,98771126,N,Y,43.6128518,-116.2298991
MLS Listing,,Mobile/Manufactured Home,2295 Blue Lake Ln #59,Boise,ID,83716,131900,3,2,Blue Valley,1492,,2020,42,88,,Active,,,http://www.redfin.com/ID/Boise/2295-Blue-Lake-Ln-83716/unit-59/home/172244539,IMLS,98771351,N,Y,43.5258513,-116.155452
MLS Listing,,Single Family Residential,10103 W Sussex Dr,Boise,ID,83704-5258,349000,3,2,Camelot Sub Ada,1456,10541,1974,42,240,,Active,,,http://www.redfin.com/ID/Boise/10103-Sussex-Dr-83704/home/106746351,IMLS,98771320,N,Y,43.633278,-116.3082098
MLS Listing,,Single Family Residential,5611 S COLE,Boise,ID,83709,384900,3,2,Sunset West,1622,39204,1973,43,237,,Active,,,http://www.redfin.com/ID/Boise/5611-S-Cole-Rd-83709/home/106756057,IMLS,98771253,N,Y,43.5519058,-116.2744373
MLS Listing,,Single Family Residential,1614 W Dewey St,Boise,ID,83702,545000,3,3,Ireland Sub,1798,3049,1942,45,303,,Active,,,http://www.redfin.com/ID/Boise/1614-W-Dewey-St-83702/home/106732700,IMLS,98771141,N,Y,43.6382266,-116.2075105
MLS Listing,,Single Family Residential,5017 W Bethel St,Boise,ID,83706,388500,3,2,Scotts Sub,1940,20908,1948,45,200,,Active,,,http://www.redfin.com/ID/Boise/5017-W-Bethel-St-83706/home/106716199,IMLS,98771139,N,Y,43.6059935,-116.2443559
MLS Listing,,Single Family Residential,1512 W Franklin St,Boise,ID,83702,775000,4,2,B C O T,3155,5009,1885,46,246,,Active,,,http://www.redfin.com/ID/Boise/1512-W-Franklin-Rd-83702/home/106658800,IMLS,98771099,N,Y,43.6248689,-116.2075723
MLS Listing,,Single Family Residential,4010 N Jennifer St,Boise,ID,83704,365000,4,1.5,Meadow Place,1687,8842,1972,46,216,,Active,,,http://www.redfin.com/ID/Boise/4010-Jennifer-St-83704/home/106734904,IMLS,98771064,N,Y,43.6414086,-116.2985256
MLS Listing,,Single Family Residential,9066 W Brookview Ct,Boise,ID,83709,375000,4,3.5,Maple Hill Sub,2645,9321,1978,46,142,30,Active,,,http://www.redfin.com/ID/Boise/9066-W-Brookview-Ct-83709/home/106692021,IMLS,98771032,N,Y,43.6025183,-116.2953993
MLS Listing,,Single Family Residential,8923 W Tillamook Dr,Boise,ID,83709,355000,4,2.5,New York Landng,1704,6969,2000,46,208,25,Active,,,http://www.redfin.com/ID/Boise/8923-W-Tillamook-Dr-83709/home/106777846,IMLS,98770989,N,Y,43.5617777,-116.2930584
MLS Listing,,Single Family Residential,204 E 34th St,Garden City,ID,83714,309400,2,2,Fairview Acres,1248,7405,1971,46,248,,Active,,,http://www.redfin.com/ID/Garden-City/204-E-34th-St-83714/home/106665236,IMLS,98770985,N,Y,43.6241671,-116.2371573
MLS Listing,,Condo/Co-op,1411 W Grand Ave #105,Boise,ID,83702,349900,3,2,Boise North - 0100,1151,,2008,46,304,206,Active,,,http://www.redfin.com/ID/Boise/1411-W-Grand-Ave-83702/unit-105/home/106711293,IMLS,98770964,N,Y,43.6169789,-116.2141848
MLS Listing,,Single Family Residential,3200 N Treasure Dr,Boise,ID,83703,589000,5,3,Smith Estates,3063,11412,1952,47,192,,Active,,,http://www.redfin.com/ID/Boise/3200-N-Treasure-Dr-83703/home/106695310,IMLS,98770855,N,Y,43.6493244,-116.2255762
MLS Listing,,Single Family Residential,1715 N 15th St,Boise,ID,83702-2611,849900,4,2.5,Brumbacks Add,2766,6098,1913,47,307,,Active,,,http://www.redfin.com/ID/Boise/1715-N-15th-St-83702/home/106780811,IMLS,98770847,N,Y,43.6334249,-116.2061293
MLS Listing,,Single Family Residential,2776 S Armada Pl,Boise,ID,83706,599900,4,3,Pier Pointe,2784,16552,1990,47,215,27,Active,,,http://www.redfin.com/ID/Boise/2776-S-Armada-Pl-83706/home/106767617,IMLS,98769541,N,Y,43.5774115,-116.1583645
MLS Listing,,Single Family Residential,8314 W Packsaddle Dr,Boise,ID,83709,419900,5,2.5,Bridgeview,3658,6969,2011,49,115,21,Active,,,http://www.redfin.com/ID/Boise/8314-W-Packsaddle-Dr-83709/home/106711923,IMLS,98769124,N,Y,43.559468,-116.285527
MLS Listing,,Mobile/Manufactured Home,3644 S CLACTON,Boise,ID,83716,175000,2,1,Golden Dawn Mob,924,4791,1978,49,189,,Active,,,http://www.redfin.com/ID/Boise/3644-Clacton-Way-83716/home/106747762,IMLS,98770649,N,Y,43.5683646,-116.1132867
MLS Listing,,Single Family Residential,7630 W Thunder Mountain Dr,Boise,ID,83709,698000,6,4.5,Sunset Rim Sub,5928,12109,1984,50,118,,Active,,,http://www.redfin.com/ID/Boise/7630-W-Thunder-Mountain-Dr-83709/unit-M/home/106685016,IMLS,98770532,N,Y,43.5640947,-116.2769078
MLS Listing,,Single Family Residential,5600 S Cloverdale Rd,Boise,ID,83709,624990,3,2,Boise SW-Meridian - 0550,1536,189703,1995,50,407,,Active,,,http://www.redfin.com/ID/Boise/5600-S-Cloverdale-Rd-83709/home/106718441,IMLS,98770411,N,Y,43.5518223,-116.3324346
MLS Listing,,Single Family Residential,1319 S Division Ave,Boise,ID,83706,349999,4,2,Londoners First,1236,6098,1963,53,283,,Active,,,http://www.redfin.com/ID/Boise/1319-S-Division-Ave-83706/home/106750312,IMLS,98770249,N,Y,43.596577,-116.18886
MLS Listing,,Townhouse,4633 N Carlsbad Way,Boise,ID,83703,299900,3,2,Forge Village,1461,2613,1998,53,205,125,Active,,,http://www.redfin.com/ID/Boise/4633-N-Carlsbad-Way-83703/home/106734616,IMLS,98769940,N,Y,43.6625061,-116.2672893
MLS Listing,,Single Family Residential,2372 E Via Privada,Boise,ID,83716,1650000,5,4.5,Privada Estates,4328,15681,2020,53,381,100,Active,,,http://www.redfin.com/ID/Boise/3550-E-Warm-Springs-Ave-83716/home/106742604,IMLS,98770182,N,Y,43.5797311,-116.1381719
MLS Listing,,Single Family Residential,815 E Warm Springs Ave,Boise,ID,83712,1120000,4,2.5,Boise NE - 0200,3865,39029,1915,54,290,,Active,,,http://www.redfin.com/ID/Boise/815-E-Warm-Springs-Ave-83712/home/106771251,IMLS,98770043,N,Y,43.6082151,-116.1858207
MLS Listing,,Single Family Residential,5693 E Hootowl Dr,Boise,ID,83716,1025000,3,2.5,Harris North,3112,13068,2018,54,329,108,Active,,,http://www.redfin.com/ID/Boise/5693-E-Hootowl-Dr-83716/home/142666345,IMLS,98769966,N,Y,43.5756174,-116.1178735
MLS Listing,,Single Family Residential,7018 E La Cuesta St,Boise,ID,83716,705000,4,3.5,Boise NE - 0200,2882,6316,2020,55,245,50,Active,,,http://www.redfin.com/ID/Boise/7018-E-La-Cuesta-ST-Unknown/home/172046617,IMLS,98769894,N,Y,43.6150186,-116.2023137
MLS Listing,,Single Family Residential,3386 W Forsythia Dr,Boise,ID,83703,649900,5,4,Boise North - 0100,3020,5227,2020,55,215,54,Active,,,http://www.redfin.com/ID/Boise/3386-W-Forsythia-Dr-83703/home/168212975,IMLS,98769889,N,Y,43.652272,-116.230473
MLS Listing,,Single Family Residential,3522 E Via Estancia,Boise,ID,83716,1495000,4,4.5,Privada Estates,3872,22651,2020,55,386,100,Active,,,http://www.redfin.com/ID/Boise/3522-E-Via-Estancia-Ln-83716/home/142665486,IMLS,98769887,N,Y,43.5810152,-116.1409225
MLS Listing,,Single Family Residential,1213 N 5th St,Boise,ID,83702,1300000,4,3.5,Thatcher Add,4420,6098,2021,55,294,,Active,,,http://www.redfin.com/ID/Boise/1213-N-5th-St-83702/home/106668810,IMLS,98769882,N,Y,43.62537,-116.1943047
MLS Listing,,Single Family Residential,3340 W Lassen Dr,Boise,ID,83703,619900,5,4,Boise North - 0100,3020,5227,2020,55,205,54,Active,,,http://www.redfin.com/ID/Boise/3340-Lassen-St-83703/home/168212965,IMLS,98769880,N,Y,43.652701,-116.229709
MLS Listing,,Single Family Residential,7060 E La Cuesta St,Boise,ID,83716,690000,3,2.5,Boise NE - 0200,2742,6446,2020,55,252,50,Active,,,http://www.redfin.com/ID/Boise/7060-E-La-Cuesta-ST-Unknown/home/172045691,IMLS,98769849,N,Y,43.6150186,-116.2023137
MLS Listing,,Single Family Residential,7040 E La Cuesta,Boise,ID,83716,699900,3,3,Boise NE - 0200,2726,6446,2020,55,257,50,Active,,,http://www.redfin.com/ID/Boise/7040-E-La-Cuesta-Unknown/home/172045621,IMLS,98769846,N,Y,43.6150186,-116.2023137
MLS Listing,,Single Family Residential,7026 E La Cuesta St,Boise,ID,83716,695000,3,2.5,Boise NE - 0200,2702,6403,2020,55,257,50,Active,,,http://www.redfin.com/ID/Boise/7026-E-La-Cuesta-ST-Unknown/home/172045586,IMLS,98769842,N,Y,43.6150186,-116.2023137
MLS Listing,,Single Family Residential,7002 E La Cuesta St,Boise,ID,83716,685000,3,2.5,Boise NE - 0200,2742,8189,2020,55,250,50,Active,,,http://www.redfin.com/ID/Boise/7002-E-La-Cuesta-ST-Unknown/home/172045559,IMLS,98769839,N,Y,43.6150186,-116.2023137
MLS Listing,,Single Family Residential,7052 E La Cuesta St,Boise,ID,83716,725000,4,4.5,Boise NE - 0200,3206,6446,2020,55,226,50,Active,,,http://www.redfin.com/ID/Boise/7052-E-La-Cuesta-ST-Unknown/home/172045539,IMLS,98769837,N,Y,43.6150186,-116.2023137
MLS Listing,,Single Family Residential,945 E Warm Springs Ave,Boise,ID,83712,1980000,5,3.5,Boise NE - 0200,6871,20037,1920,56,288,,Active,,,http://www.redfin.com/ID/Boise/945-E-Warm-Springs-Ave-83712/home/106786189,IMLS,98769747,N,Y,43.6072447,-116.1840793
MLS Listing,,Single Family Residential,1200 N Harrison Blvd,Boise,ID,83702,1150000,4,3,Lemps Add,3650,6098,1929,57,315,,Active,,,http://www.redfin.com/ID/Boise/1200-N-Harrison-Blvd-83702/home/106661949,IMLS,98769586,N,Y,43.6294399,-116.2078862
MLS Listing,,Single Family Residential,1116 N 15th St,Boise,ID,83702,824900,4,3,Lemps Add,2563,6098,1936,59,322,,Active,,,http://www.redfin.com/ID/Boise/1116-N-15th-St-83702/home/106649812,IMLS,98769493,N,Y,43.6280848,-116.2055187
MLS Listing,,Townhouse,2521 S Sea Pnes,Boise,ID,83705,288888,3,2,Sea Pines,1340,3049,1994,60,216,15,Active,,,http://www.redfin.com/ID/Boise/2521-S-Sea-Pines-Pl-83705/home/106670453,IMLS,98769469,N,Y,43.57955,-116.247141
MLS Listing,,Single Family Residential,175 W Retford Ct,Boise,ID,83702,1075000,4,4,Highlands Hackb,4004,15681,2003,60,268,83,Active,,,http://www.redfin.com/ID/Boise/175-W-Retford-Ct-83702/home/106719923,IMLS,98769453,N,Y,43.6562213,-116.1869631
MLS Listing,,Single Family Residential,3 W Cyrus St,Boise,ID,83705,404900,3,2.5,Boise Bench - 0400,2202,3920,2020,60,184,10,Active,,,http://www.redfin.com/ID/Boise/3-Cyrus-St-83705/home/172000450,IMLS,98769452,N,Y,43.5742546,-116.2007376
MLS Listing,,Single Family Residential,5 SEYBOLD Ln,Boise,ID,83631,374900,4,2,East Boise County - 1450,2050,128937,1998,60,183,,Active,,,http://www.redfin.com/ID/Boise/5-Seybold-Ln-83716/home/115254163,IMLS,98769381,N,Y,43.783444,-115.992436
MLS Listing,,Single Family Residential,10274 W Cranberry,Boise,ID,83704-1999,625000,4,2.5,Greyloch Sub,3084,15245,1992,60,203,58,Active,,,http://www.redfin.com/ID/Boise/10274-W-Cranberry-Ct-83704/home/106798952,IMLS,98769317,N,Y,43.6500866,-116.310113
MLS Listing,,Mobile/Manufactured Home,3249 Cherry #6,Boise,ID,83705,49900,2,1,Boise Bench - 0400,1100,,1970,60,45,,Active,,,http://www.redfin.com/ID/Boise/3249-Cherry-Ln-83705/unit-6/home/171991787,IMLS,98769304,N,Y,43.5806204,-116.2216928
MLS Listing,,Mobile/Manufactured Home,384 W Silver City,Boise,ID,83713-8002,79900,3,2,West Meadow Estates,1680,,1974,62,48,,Active,,,http://www.redfin.com/ID/Boise/384-W-Silver-City-St-83713/home/171976147,IMLS,98769120,N,Y,43.6145079,-116.327619
MLS Listing,,Mobile/Manufactured Home,2138 E BLUE SPRUCE,Boise,ID,83716,114900,3,2,Blue Valley,1279,,2017,64,90,520,Active,,,http://www.redfin.com/ID/Boise/2138-Blue-Spruce-Ln-83716/unit-191/home/144795927,IMLS,98768898,N,Y,43.5254229,-116.1573698
MLS Listing,,Condo/Co-op,323 W Jefferson St #506,Boise,ID,83702,599000,2,2,The Jefferson,1234,,2009,67,485,497,Active,,,http://www.redfin.com/ID/Boise/323-W-Jefferson-St-83702/unit-506/home/106783497,IMLS,98768664,N,Y,43.6151987,-116.1963249
MLS Listing,,Single Family Residential,6748 E Zaffre Ridge St,Boise,ID,83716,409990,3,2.5,Boise SE - 0300,2017,6098,2020,67,203,29,Active,,,http://www.redfin.com/ID/Boise/6748-E-Alta-Ridge-Ct-83716/home/171941279,IMLS,98768619,N,Y,43.5422558,-116.1369488
MLS Listing,,Single Family Residential,6722 E Zaffre Ridge St,Boise,ID,83716,434990,5,2.5,Boise SE - 0300,2317,6229,2020,67,188,29,Active,,,http://www.redfin.com/ID/Boise/6722-E-Alta-Ridge-Ct-83716/home/171941076,IMLS,98768614,N,Y,43.5422558,-116.1369488
MLS Listing,,Single Family Residential,9976 W Campville St,Boise,ID,83709,424990,3,2.5,Union Square,2020,6534,2020,67,210,41,Active,,,http://www.redfin.com/ID/Boise/9976-W-Campville-St-83709/home/171935830,IMLS,98768489,N,Y,43.5936952,-116.3060759
MLS Listing,,Single Family Residential,10096 W Campville St,Boise,ID,83709,465990,5,2.5,Union Square,2710,6838,2020,67,172,41,Active,,,http://www.redfin.com/ID/Boise/10096-W-Campville-St-83709/home/171935747,IMLS,98768488,N,Y,43.5936952,-116.3060759
MLS Listing,,Single Family Residential,5110 Corralero Ln,Boise,ID,83702,1075000,3,3.5,Hackberry North,2875,21518,2020,68,374,50,Active,,,http://www.redfin.com/ID/Boise/5110-N-Corralero-Ln-83702/home/168214184,IMLS,98768452,N,Y,43.661803,-116.1886
MLS Listing,,Single Family Residential,10082 W Campville St,Boise,ID,83709,459990,4,2.5,Union Square,2636,6534,2020,68,175,41,Active,,,http://www.redfin.com/ID/Boise/10082-W-Campville-St-83709/home/171929869,IMLS,98768419,N,Y,43.5936952,-116.3060759
MLS Listing,,Single Family Residential,11663 N 20th Pl,Boise,ID,83714,624900,4,3,Cartwright Ranch,3185,8232,2020,72,196,84,Active,,,http://www.redfin.com/ID/Boise/11663-N-20th-St-83702/home/171848643,IMLS,98768015,N,Y,43.634628,-116.2133183
MLS Listing,,Single Family Residential,3203 N Treasure Dr,Boise,ID,83703,529900,4,2,Smith Estates,2302,10890,1953,73,230,,Active,,,http://www.redfin.com/ID/Boise/3203-N-Treasure-Dr-83703/home/106652936,IMLS,98767966,N,Y,43.649161,-116.2261635
MLS Listing,,Single Family Residential,10608 W Cruser,Boise,ID,83709,524900,4,4,R & V Sub,3588,18774,1951,74,146,,Active,,,http://www.redfin.com/ID/Boise/10608-Cruser-Dr-83709/home/142667744,IMLS,98767877,N,Y,43.6040171,-116.3151238
MLS Listing,,Mobile/Manufactured Home,264 Checola Cir,Boise,ID,83713,54900,2,1,West Meadow Estates,1000,,1977,74,55,,Active,,,http://www.redfin.com/ID/Boise/264-Checola-Cir-83713/home/171826700,IMLS,98767855,N,Y,43.6143628,-116.3168048
MLS Listing,,Single Family Residential,7190 S Carpenter Ave,Boise,ID,83709,549900,3,2.5,Hazelwood Village,2531,9583,2020,74,217,47,Active,,,http://www.redfin.com/ID/Boise/7190-S-Carpenter-Ave-83709/home/142666434,IMLS,98767845,N,Y,43.5377538,-116.322425
MLS Listing,,Condo/Co-op,1112 W Main St #305,Boise,ID,83702,799900,2,2,Royal Plaza,1738,,2008,75,460,438,Active,,,http://www.redfin.com/ID/Boise/1112-W-Main-St-83702/unit-305/home/106773665,IMLS,98767746,N,Y,43.6179717,-116.2072605
MLS Listing,,Single Family Residential,1241 E Highland Vw,Boise,ID,83702-1929,960000,4,3,Highlands Cove,3220,10105,2020,75,298,75,Active,,,http://www.redfin.com/ID/Boise/1241-E-Highland-View-Dr-83702/home/143184120,IMLS,98767689,N,Y,43.648257,-116.173955
MLS Listing,,Single Family Residential,5945 W Lucky Ln,Boise,ID,83703-0000,489000,3,2.5,Boise NW - 0800,1687,4356,2019,76,290,25,Active,,,http://www.redfin.com/ID/Boise/5945-W-Lucky-Ln-83703/home/160427036,IMLS,98767583,N,Y,43.6631468,-116.26269
MLS Listing,,Single Family Residential,2804 N Woody Dr,Boise,ID,83703,539000,4,2.5,Woody,1621,7405,2006,76,333,,Active,,,http://www.redfin.com/ID/Boise/2804-Woody-Dr-83703/home/106656385,IMLS,98767582,N,Y,43.6456134,-116.2349701
MLS Listing,,Condo/Co-op,420 W Main St #404,Boise,ID,83702,1064900,2,2.5,Boise North - 0100,2602,,2004,76,409,956,Active,,,http://www.redfin.com/ID/Boise/420-W-Main-St-83702/unit-404/home/106783505,IMLS,98767477,N,Y,43.6139133,-116.1993071
MLS Listing,,Single Family Residential,,Boise,ID,83702,1389000,5,3.5,,3722,18295,2020,82,373,,Active,,,http://www.redfin.com/ID/Boise/Undisclosed-address-83702/home/106777944,IMLS,98766851,N,Y,43.652976,-116.177325
MLS Listing,,Single Family Residential,809 E Pennsylvania,Boise,ID,83706,729000,4,3.5,Southshore Sub,2882,9147,1980,83,253,,Active,,,http://www.redfin.com/ID/Boise/809-E-Pennsylvania-Dr-83706/home/106774095,IMLS,98766732,N,Y,43.5857953,-116.1728952
MLS Listing,,Single Family Residential,3602 W Hillcrest Dr,Boise,ID,83705,799900,5,3.5,Rutledge Height,4719,13068,1967,84,170,,Active,,,http://www.redfin.com/ID/Boise/3602-W-Hillcrest-Dr-83705/home/106705242,IMLS,98766578,N,Y,43.5790068,-116.226247
MLS Listing,,Single Family Residential,TBD N Mendelson,Meridian,ID,83646,695000,4,2.5,Three Corners,2500,17859,2020,84,278,125,Active,,,http://www.redfin.com/ID/Meridian/TBD-N-Mendelson-Ave-83646/home/171588321,IMLS,98766455,N,Y,43.6536634,-116.3649074
MLS Listing,,Single Family Residential,3510 N Bryson Way,Boise,ID,83713,535000,6,3.5,Parks Estate Su,4021,11412,1983,88,133,1,Active,,,http://www.redfin.com/ID/Boise/3510-N-Bryson-Way-83713/home/106801582,IMLS,98766195,N,Y,43.6368436,-116.3251279
MLS Listing,,Single Family Residential,10068 W Campville St,Boise,ID,83709,444990,4,2.5,Union Square,2530,6534,2020,88,176,41,Active,,,http://www.redfin.com/ID/Boise/10068-W-Campville-St-83709/home/171558604,IMLS,98766194,N,Y,43.5936952,-116.3060759
MLS Listing,,Single Family Residential,10008 W Campville St,Boise,ID,83709,454990,4,2.5,Union Square,2636,6577,2020,88,173,41,Active,,,http://www.redfin.com/ID/Boise/10008-W-Campville-St-83709/home/171558576,IMLS,98766193,N,Y,43.5936952,-116.3060759
MLS Listing,,Single Family Residential,10038 W Smoke Ranch Dr,Boise,ID,83709,336990,3,2.5,Union Square,1580,3702,2020,88,213,41,Active,,,http://www.redfin.com/ID/Boise/10038-W-Smoke-Ranch-Dr-83709/home/171558536,IMLS,98766192,N,Y,43.5927542,-116.3103847
MLS Listing,,Single Family Residential,11 Turner Cir,Boise,ID,83716,139900,2,,Clear Creek Estates,634,54450,1978,89,221,,Active,,,http://www.redfin.com/ID/Boise/11-Turner-Cir-83716/home/115207845,IMLS,98766145,N,Y,43.7410377,-115.9999973
MLS Listing,,Single Family Residential,10056 W Smoke Ranch Dr,Boise,ID,83709,372990,4,2.5,Union Square,2014,3702,2020,91,185,41,Active,,,http://www.redfin.com/ID/Boise/10056-W-Smoke-River-DR-83709/home/171547599,IMLS,98765872,N,Y,43.5516566,-116.2987901
MLS Listing,,Mobile/Manufactured Home,1951 N Hampton Rd Unit C7,Boise,ID,83704,65000,3,2,Harvest Sub,1085,,1985,96,60,,Active,,,http://www.redfin.com/ID/Boise/1951-N-Hampton-Rd-83704/unit-C7/home/171477392,IMLS,98764985,N,Y,43.6229492,-116.3095688
MLS Listing,,Single Family Residential,2403 W Jefferson,Boise,ID,83702,549900,4,2.5,Fairview Add,2105,6098,1937,96,261,,Active,,,http://www.redfin.com/ID/Boise/2403-W-Jefferson-St-83702/home/106650286,IMLS,98765318,N,Y,43.6243446,-116.2199612
MLS Listing,,Single Family Residential,10088 W Smoke Ranch Dr,Boise,ID,83709,334990,3,2.5,Union Square,1478,3702,2020,96,227,41,Active,,,http://www.redfin.com/ID/Boise/10088-W-Smoke-Ranch-Dr-83709/home/171476337,IMLS,98765293,N,Y,43.5927558,-116.3103872
MLS Listing,,Single Family Residential,10042 W Smoke Ranch Dr,Boise,ID,83709,333990,3,2.5,Union Square,1478,3702,2020,99,226,41,Active,,,http://www.redfin.com/ID/Boise/10042-W-Smoke-Ranch-Dr-83709/home/171435151,IMLS,98765006,N,Y,43.5927543,-116.3103849
MLS Listing,,Single Family Residential,2331 S Three Mile Creek Way,Boise,ID,83709,179800,2,1,Milwaukee Sub,800,8276,1969,99,225,,Active,,,http://www.redfin.com/ID/Boise/2331-S-Three-Mile-Creek-Way-83709/home/106660492,IMLS,98764967,N,Y,43.5808847,-116.286496
MLS Listing,,Single Family Residential,1724 S Michigan Ave,Boise,ID,83706,459900,3,3,Dundee,1717,3136,2020,99,268,,Active,,,http://www.redfin.com/ID/Boise/1724-S-Michigan-Ave-83706/home/171432112,IMLS,98764944,N,Y,43.5911075,-116.2008295
MLS Listing,,Single Family Residential,10044 W Campville St,Boise,ID,83709,419990,4,2.5,Union Square,2054,6534,2020,102,204,41,Active,,,http://www.redfin.com/ID/Boise/10044-W-Campville-St-83709/home/171418733,IMLS,98764795,N,Y,43.5936952,-116.3060759
MLS Listing,,Single Family Residential,6694 S Lodgepole Pl,Boise,ID,83716-5048,774000,4,3,Superior Ridge,2860,15594,2020,105,271,36,Active,,,http://www.redfin.com/ID/Boise/6694-S-Lodgepole-Pl-83716/home/106803276,IMLS,98764404,N,Y,43.541433,-116.141305
MLS Listing,,Single Family Residential,3750 S Maple Grove Rd,Boise,ID,83709,1100000,4,3,Boise South - 0500,2433,345735,1969,105,452,,Active,,,http://www.redfin.com/ID/Boise/3750-S-Maple-Grove-Rd-83709/home/106733206,IMLS,98764397,N,Y,43.5686139,-116.291595
MLS Listing,,Single Family Residential,1107 N 9th St,Boise,ID,83702,859000,7,3,Arnolds Add,4050,5662,1941,105,212,,Active,,,http://www.redfin.com/ID/Boise/1107-N-9th-St-83702/home/106660770,IMLS,98764359,N,Y,43.6242408,-116.199054
MLS Listing,,Single Family Residential,10064 W Smoke Ranch Dr,Boise,ID,83709,354990,3,2.5,Union Square,1766,3702,2020,106,201,41,Active,,,http://www.redfin.com/ID/Boise/10064-W-Smoke-River-DR-83709/home/171378598,IMLS,98764244,N,Y,43.5516566,-116.2987901
MLS Listing,,Single Family Residential,10072 W Smoke Ranch Dr,Boise,ID,83709,345990,3,2.5,Union Square,1580,3702,2020,106,219,41,Active,,,http://www.redfin.com/ID/Boise/10072-W-Smoke-River-DR-83709/home/171378581,IMLS,98764243,N,Y,43.5516566,-116.2987901
MLS Listing,,Townhouse,1569 E LENZ,Boise,ID,83712,474300,3,3,Warm Springs Ho,2308,3484,1979,107,206,309,Active,,,http://www.redfin.com/ID/Boise/1569-Lenz-Ln-83712/home/106737162,IMLS,98764239,N,Y,43.6031498,-116.1773169
MLS Listing,,Single Family Residential,1120 E Warm Springs Ave,Boise,ID,83712,1289000,4,3.5,Eastside Add.,3827,10454,1937,117,337,,Active,,,http://www.redfin.com/ID/Boise/1120-E-Warm-Springs-Ave-83712/home/106797009,IMLS,98763375,N,Y,43.6068428,-116.1814412
MLS Listing,,Single Family Residential,4380 S STAATEN,Boise,ID,83709,389900,4,3,Southpark,2226,5009,2019,123,175,25,Active,,,http://www.redfin.com/ID/Boise/4380-S-Staaten-Ave-83709/home/109560978,IMLS,98762852,N,Y,43.5632136,-116.3347988
MLS Listing,,Single Family Residential,10006 W Smoke Ranch Dr,Boise,ID,83709,369990,4,2.5,Union Square,2014,3702,2020,123,184,41,Active,,,http://www.redfin.com/ID/Boise/10006-W-Campville-St-83709/home/171258646,IMLS,98762805,N,Y,43.5936952,-116.3060759
MLS Listing,,Single Family Residential,10030 W Smoke Ranch Dr,Boise,ID,83709,344990,3,2.5,Union Square,1766,3702,2020,123,195,41,Active,,,http://www.redfin.com/ID/Boise/10030-W-Smoke-Ranch-Dr-83709/home/171258538,IMLS,98762799,N,Y,43.5927539,-116.3103843
MLS Listing,,Single Family Residential,412 W Ofarrell St,Boise,ID,83702,1150000,4,3.5,Edenhome Add,3322,4356,2017,125,346,,Active,,,http://www.redfin.com/ID/Boise/412-Ofarrell-St-83702/home/106660240,IMLS,98762454,N,Y,43.6250353,-116.1928983
MLS Listing,,Single Family Residential,9984 W Smoke Ranch Dr,Boise,ID,83709,356990,3,2.5,Union Square,1897,3789,2020,131,188,41,Active,,,http://www.redfin.com/ID/Boise/9984-W-Smoke-Ranch-Dr-83709/home/171201328,IMLS,98761963,N,Y,43.5927525,-116.3103821
MLS Listing,,Single Family Residential,4989 N Corralero Ln,Boise,ID,83702,1237000,3,3.5,Hackberry North,2962,16552,2020,131,418,50,Active,,,http://www.redfin.com/ID/Boise/4989-N-Corralero-Ln-83702/home/168214171,IMLS,98761926,N,Y,43.661446,-116.189337
MLS Listing,,Single Family Residential,521 E Sunnyridge Ct,Boise,ID,83702,939900,4,3,Somerset Ridge,3392,12501,1999,131,277,38,Active,,,http://www.redfin.com/ID/Boise/521-E-Sunnyridge-Ct-83702/home/106718364,IMLS,98761820,N,Y,43.6383118,-116.1823155
MLS Listing,,Single Family Residential,5629 E Foxgrove Dr,Boise,ID,83716,894900,4,3.5,Harris North,3132,10890,2020,134,286,108,Active,,,http://www.redfin.com/ID/Boise/5629-E-Foxgrove-DR-Unknown/home/171176220,IMLS,98761475,N,Y,43.6150186,-116.2023137
MLS Listing,,Single Family Residential,4335 N Sandpoint Way,Boise,ID,83702,3999000,5,4.5,Highlands Cove,5742,14374,2020,134,696,75,Active,,,http://www.redfin.com/ID/Boise/N-Sandpoint-Way-83702/home/146239140,IMLS,98761416,N,Y,43.652746,-116.173244
MLS Listing,,Single Family Residential,5645 E Foxgrove Dr,Boise,ID,83716,849900,3,2.5,Harris North,2856,10018,2020,138,298,108,Active,,,http://www.redfin.com/ID/Boise/5645-E-Foxgrove-DR-Unknown/home/171155647,IMLS,98761029,N,Y,43.6150186,-116.2023137
MLS Listing,,Single Family Residential,2101 N Harrison Blvd,Boise,ID,83702,1395000,5,3.5,Irene  Sub,4539,7840,1915,138,307,,Active,,,http://www.redfin.com/ID/Boise/2101-N-Harrison-Blvd-83702/home/106743572,IMLS,98760932,N,Y,43.6382659,-116.2085992
MLS Listing,,Single Family Residential,420 Sherman,Boise,ID,83702,1095000,3,3,Hillside Sub,3317,6969,2020,139,330,,Active,,,http://www.redfin.com/ID/Boise/420-W-Sherman-St-83702/home/106713511,IMLS,98760822,N,Y,43.628392,-116.1928102
MLS Listing,,Single Family Residential,10083 W Campville St,Boise,ID,83709,339990,3,2.5,Union Square,1694,3659,2020,141,201,41,Active,,,http://www.redfin.com/ID/Boise/10083-W-Campville-St-83709/home/171129620,IMLS,98760570,N,Y,43.5933259,-116.3058971
MLS Listing,,Single Family Residential,10075 W Campville St,Boise,ID,83709,357990,4,2.5,Union Square,2014,3659,2020,141,178,41,Active,,,http://www.redfin.com/ID/Boise/10075-W-Campville-St-83709/home/171129590,IMLS,98760567,N,Y,43.5933259,-116.3058971
MLS Listing,,Single Family Residential,10043 W Campville St,Boise,ID,83709,354990,4,2.5,Union Square,2014,3659,2020,141,176,41,Active,,,http://www.redfin.com/ID/Boise/10043-W-Campville-St-83709/home/171129490,IMLS,98760564,N,Y,43.5933259,-116.3058971
MLS Listing,,Condo/Co-op,3075 W Crescent Rim Drive 304 #304,Boise,ID,83706,1125000,2,2.5,Spectacular Condominiums,2125,,2020,144,529,742,Active,,,http://www.redfin.com/ID/Boise/3075-Crescent-Rim-Dr-83706/unit-304/home/171115446,IMLS,98760405,N,Y,43.604593,-116.219844
MLS Listing,,Single Family Residential,8820 Ustick,Boise,ID,83704,589900,6,2,Boise West - 0600,2938,10323,1948,144,201,13,Active,,,http://www.redfin.com/ID/Boise/8820-W-Ustick-Rd-83704/home/106817256,IMLS,98760272,N,Y,43.6341828,-116.2930763
MLS Listing,,Single Family Residential,7365 N Pierce Park Ln,Boise,ID,83714,1240000,3,3.5,Boise NW - 0800,3162,227383,2005,145,392,7,Active,,,http://www.redfin.com/ID/Boise/7365-N-Pierce-Park-Ln-83714/home/106676278,IMLS,98759656,N,Y,43.683202,-116.264806
MLS Listing,,Single Family Residential,41 Whitehawk Way,Boise,ID,83716-3011,1450000,4,2,Wilderness Ranch,4994,748360,1987,146,290,178,Active,,,http://www.redfin.com/ID/Boise/41-Whitehawk-Way-83716/home/115188185,IMLS,98760035,N,Y,43.656415,-115.985011
MLS Listing,,Single Family Residential,6307 W Franklin,Boise,ID,83709,499500,4,3,Franklin Park,3182,17119,1959,150,157,,Active,,,http://www.redfin.com/ID/Boise/6307-W-Franklin-Rd-83705/home/106809204,IMLS,98759659,N,Y,43.6034662,-116.2602927
MLS Listing,,Single Family Residential,430 Ridgeline Dr,Boise,ID,83702,1830000,4,3,Somerset Ridge,3766,44866,1987,152,486,108,Active,,,http://www.redfin.com/ID/Boise/430-W-Ridgeline-Dr-83702/home/106781207,IMLS,98759334,N,Y,43.6355592,-116.1926759
MLS Listing,,Condo/Co-op,1207 W Fort St #215,Boise,ID,83702,400000,2,2,Whittier Condos,941,,2004,160,425,208,Active,,,http://www.redfin.com/ID/Boise/1207-W-Fort-St-83702/unit-215/home/106733104,IMLS,98758450,N,Y,43.6241524,-116.2031261
MLS Listing,,Mobile/Manufactured Home,8633 W Irving Ln,Boise,ID,83704,79000,3,2,Maple Grove Estates,1404,,2007,168,56,,Active,,,http://www.redfin.com/ID/Boise/8633-W-Irving-Ln-83704/home/170590831,IMLS,98757635,N,Y,43.6153706,-116.2898416
MLS Listing,,Townhouse,7821 Crestwood Dr,Boise,ID,83704,369900,3,2.5,Boise West - 0600,1619,2874,2020,172,228,60,Active,,,http://www.redfin.com/ID/Boise/7821-W-Crestwood-Dr-83704/home/170575633,IMLS,98757308,N,Y,43.6447177,-116.2798554
MLS Listing,,Townhouse,7817 Crestwood Dr,Boise,ID,83704,367000,3,2.5,Boise West - 0600,1609,1698,2020,172,228,60,Active,,,http://www.redfin.com/ID/Boise/7817-W-Crestwood-Dr-83704/home/170575599,IMLS,98757305,N,Y,43.6447172,-116.2797558
MLS Listing,,Townhouse,7813 W Crestwood Dr,Boise,ID,83704,367000,3,2.5,Boise West - 0600,1609,1742,2020,172,228,60,Active,,,http://www.redfin.com/ID/Boise/7813-W-Crestwood-Dr-83704/home/170575569,IMLS,98757301,N,Y,43.6447167,-116.2796561
MLS Listing,,Condo/Co-op,3075 W Crescent Rim Drive 203 #203,Boise,ID,83706,760000,2,2,Spectacular Condominiums,1662,,2020,172,457,580,Active,,,http://www.redfin.com/ID/Boise/3075-Crescent-Rim-Dr-83706/unit-203/home/106807465,IMLS,98757283,N,Y,43.6046327,-116.2198709
MLS Listing,,Condo/Co-op,3075 W Crescent Rim Drive 103 #103,Boise,ID,83706,725000,2,2,Spectacular Condominiums,1662,,2020,172,436,580,Active,,,http://www.redfin.com/ID/Boise/3075-Crescent-Rim-Dr-83706/unit-103/home/106779814,IMLS,98757281,N,Y,43.6045442,-116.2200792
MLS Listing,,Condo/Co-op,3075 W Crescent Rim Dr #101,Boise,ID,83706,975000,2,2.5,Spectacular Condominiums,2617,,2020,172,373,913,Active,,,http://www.redfin.com/ID/Boise/3075-Crescent-Rim-Dr-83706/unit-101/home/106656274,IMLS,98757275,N,Y,43.604384,-116.220112
MLS Listing,,Single Family Residential,1108 E Hearthstone,Boise,ID,83702,1395000,4,3.5,Highlands Unit,4241,13068,2016,176,329,,Active,,,http://www.redfin.com/ID/Boise/1108-Hearthstone-Dr-83702/home/106779808,IMLS,98756792,N,Y,43.6562529,-116.1766128
MLS Listing,,Condo/Co-op,2967 W Crescent Rim Dr,Boise,ID,83706,739000,2,2.5,Spectacular Condominiums,2057,,2017,181,359,719,Active,,,http://www.redfin.com/ID/Boise/2967-Crescent-Rim-Dr-83706/unit-104/home/109561166,IMLS,98756417,N,Y,43.6041366,-116.2181494