,property_type,address,city,state,zip_code,price,beds,baths,square_feet,lot_size,year_built,hoa_permonth,url,latitude,longitude
0,Single Family Residential,9015 Springhill Rd,Alexander,AR,72002.0,175000,5,2.0,2556,69696.0,1974.0,,http://www.redfin.com/AR/Alexander/9015-Springhill-Rd-72002/home/82919181,34.673700200000006,-92.5234102
1,Single Family Residential,7105 Woodsgate Cv,Alexander,AR,72002.0,158800,3,2.0,1452,12196.0,2020.0,8.0,http://www.redfin.com/AR/Alexander/7105-Woodsgate-CV-Unknown/home/172614144,34.629537299999996,-92.44126740000002
2,Single Family Residential,5072 Peace Ln,Alexander,AR,72002.0,329900,4,3.5,2550,9583.0,2020.0,,http://www.redfin.com/AR/Alexander/5072-Peace-Ln-72002/home/148721154,34.6701265,-92.507217
3,Mobile/Manufactured Home,15900 Shirley Dr,Alexander,AR,72002.0,21000,2,1.0,1124,13939.0,1983.0,,http://www.redfin.com/AR/Alexander/15900-Shirley-Dr-72002/home/81486462,34.606398399999996,-92.44404499999999
4,Single Family Residential,2708 Creekside,Alexander,AR,72002.0,374900,4,2.5,2662,20037.0,2020.0,,http://www.redfin.com/AR/Alexander/2708-Creekside-72002/home/170485311,34.629537299999996,-92.44126740000002
5,Single Family Residential,7121 Woodsgate Cv,Alexander,AR,72002.0,161525,4,2.0,1476,8712.0,2020.0,8.0,http://www.redfin.com/AR/Alexander/7121-Woodsgate-CV-Unknown/home/172534631,34.629537299999996,-92.44126740000002
6,Single Family Residential,2803 Creekside,Alexander,AR,72002.0,359900,4,2.5,2644,22215.0,2020.0,,http://www.redfin.com/AR/Alexander/2803-Creekside-72002/home/171574784,34.629537299999996,-92.44126740000002
7,Single Family Residential,5502 Village Trce,Benton,AR,72019.0,194900,3,2.0,1734,,2014.0,,http://www.redfin.com/AR/Benton/5502-Village-Trce-72019/home/95434845,34.633626899999996,-92.5178978
8,Single Family Residential,2221 E Longhills Rd,Benton,AR,72019.0,309900,3,2.5,2027,,1999.0,,http://www.redfin.com/AR/Benton/2221-Longhills-Rd-E-72019/home/81505795,34.599934499999996,-92.5600002
9,Single Family Residential,202 Texas Dr,Benton,AR,72015.0,182900,3,2.0,1717,8712.0,2012.0,,http://www.redfin.com/AR/Benton/202-Texas-Dr-72015/home/95435405,34.5618696,-92.548079
10,Single Family Residential,622 River Rdg,Benton,AR,72019.0,359900,3,2.5,3000,871200.0,1968.0,,http://www.redfin.com/AR/Benton/622-River-Ridge-Rd-72019/home/81479362,34.631671999999995,-92.582047
11,Single Family Residential,307 & 305 E Narroway,Benton,AR,72015.0,135000,3,2.0,1977,16117.0,1964.0,,http://www.redfin.com/AR/Benton/305-E-Narroway-St-72015/home/81499390,34.56823920000001,-92.58424980000001
12,Single Family Residential,2711 Cypress Point Dr,Benton,AR,72019.0,415000,5,3.5,3040,28314.0,2020.0,13.0,http://www.redfin.com/AR/Benton/2711-Cypress-Point-Dr-72019/home/170728126,34.6068935,-92.5534745
13,Single Family Residential,3203 Mckensie Dr,Benton,AR,72015.0,185000,3,2.0,1900,10454.0,2006.0,,http://www.redfin.com/AR/Benton/3203-McKensie-Dr-72015/home/95417379,34.564516,-92.548679
14,Single Family Residential,1511 Alcoa,Benton,AR,72015.0,125000,3,1.0,938,8712.0,1964.0,,http://www.redfin.com/AR/Benton/Alcoa-Rd-Unknown/home/81502745,34.57143,-92.56953
15,Single Family Residential,6845 Hilo Ave,Benton,AR,72019.0,549900,4,4.5,3691,,2020.0,75.0,http://www.redfin.com/AR/Benton/6845-Hilo-Ave-72019/home/169646355,34.6268904,-92.5474278
16,Single Family Residential,6705 Kensington Dr,Benton,AR,72019.0,650000,4,3.5,5018,21780.0,2000.0,44.0,http://www.redfin.com/AR/Benton/6705-Kensington-Dr-72019/home/95438218,34.625221200000006,-92.5274917
17,Single Family Residential,7504 Palm Beach Ave,Benton,AR,72019.0,539950,5,4.0,4631,36590.0,2007.0,70.0,http://www.redfin.com/AR/Benton/7504-Palm-Beach-Ave-72019/home/95419710,34.633200200000005,-92.5218434
18,Single Family Residential,4094 Hampton Dr,Benton,AR,72019.0,257500,4,2.0,2057,20037.0,2020.0,21.0,http://www.redfin.com/AR/Benton/4094-Hampton-Dr-72015/home/172616050,34.5664733,-92.54546850000001
19,Single Family Residential,7636 Zuber Rd Rd,Benton,AR,72019.0,170000,3,2.0,1720,22651.0,1972.0,,http://www.redfin.com/AR/Benton/7636-Zuber-Rd-72019/home/81479012,34.6421477,-92.5639464
20,Single Family Residential,6013 Riviera,Benton,AR,72019.0,479900,4,3.5,3220,17859.0,2020.0,48.0,http://www.redfin.com/AR/Benton/6013-Riviera-Dr-72019/home/81505671,34.619178999999995,-92.535965
21,Single Family Residential,2916 Burchwood Dr,Benton,AR,72019.0,124900,4,1.0,1428,20908.0,1969.0,,http://www.redfin.com/AR/Benton/2916-Burchwood-Dr-72019/home/81485865,34.6192018,-92.5479822
22,Single Family Residential,211 Wild Cherry Dr,Benton,AR,72015.0,147500,3,2.0,1450,17859.0,2007.0,5.0,http://www.redfin.com/AR/Benton/211-Wild-Cherry-Ln-72015/home/82937938,34.5643953,-92.55551120000001
23,Single Family Residential,725 Edgehill Dr,Benton,AR,72015.0,105000,3,1.0,1147,,1968.0,,http://www.redfin.com/AR/Benton/725-Edgehill-72015/home/81495227,34.5693064,-92.5614395
24,Single Family Residential,305 W Cross St,Benton,AR,72015.0,550000,5,3.5,3900,7405.0,2020.0,,http://www.redfin.com/AR/Benton/305-W-Cross-St-72015/home/81494211,34.5668554,-92.58968780000001
25,Single Family Residential,9012 Naples Cv,Benton,AR,72019.0,395000,4,3.5,3143,14810.0,2014.0,48.0,http://www.redfin.com/AR/Benton/9012-Naples-Cv-72019/home/82939668,34.6445445,-92.5205282
26,Single Family Residential,837 Belle Grv,Benton,AR,,434000,4,3.0,2897,21780.0,2020.0,,http://www.redfin.com/AR/Benton/837-Belle-Grove-Loop-72019/home/172585679,34.58855429999999,-92.5921563
27,Single Family Residential,109 Ryker Ln,Benton,AR,72019.0,464900,4,2.5,3245,43560.0,2020.0,,http://www.redfin.com/AR/Benton/109-Ryker-LN-Unknown/home/172572987,34.5645371,-92.586828
28,Single Family Residential,5539 Atlantic Cv,Benton,AR,72019.0,359900,4,3.5,3199,16552.0,2007.0,44.0,http://www.redfin.com/AR/Benton/5539-Atlantic-Cv-72019/home/82833657,34.642219,-92.519662
29,Single Family Residential,101 Ryker Ln,Benton,AR,72019.0,429900,4,3.5,2972,43560.0,2020.0,,http://www.redfin.com/AR/Benton/101-Ryker-LN-Unknown/home/172572884,34.5645371,-92.586828
30,Single Family Residential,3817 Congo Rd,Benton,AR,72019.0,180000,3,2.0,1787,11761.0,1975.0,,http://www.redfin.com/AR/Benton/3817-Congo-Rd-72019/home/81498202,34.5999394,-92.56617779999999
31,Single Family Residential,5072 Westridge Cir,Benton,AR,72019.0,469900,4,3.0,3402,37897.0,2020.0,,http://www.redfin.com/AR/Benton/5072-Westridge-CIR-Unknown/home/172521739,34.5645371,-92.586828
32,Single Family Residential,4442 Gabby Ln,Benton,AR,72019.0,319900,3,2.0,2391,130680.0,1996.0,,http://www.redfin.com/AR/Benton/4442-Gabby-Ln-72019/home/82953294,34.6027578,-92.58114609999998
33,Single Family Residential,1004 Nature Way,Benton,AR,72019.0,299900,4,2.0,2149,,2016.0,50.0,http://www.redfin.com/AR/Benton/1004-Nature-Way-72019/home/81510811,34.6057191,-92.5769824
34,Single Family Residential,3512 Clover Hl,Benton,AR,72015.0,264900,4,2.0,2319,15245.0,2007.0,19.0,http://www.redfin.com/AR/Benton/3512-Clover-Hill-Ln-72015/home/82819717,34.5890551,-92.5451567
35,Single Family Residential,3014 Henson Pl,Bryant,AR,72022.0,199900,3,2.5,2100,,2001.0,,http://www.redfin.com/AR/Bryant/3014-Henson-Pl-72022/home/95433594,34.6224779,-92.5106843
36,Single Family Residential,3815 Logan Ridge Dr,Bryant,AR,72022.0,257500,3,2.0,1972,6969.0,2018.0,7.0,http://www.redfin.com/AR/Bryant/3815-Logan-Ridge-Dr-72022/home/103649939,34.629094200000004,-92.48980959999999
37,Single Family Residential,1205 Prickett Rd,Bryant,AR,72022.0,190000,3,2.0,1879,,2000.0,,http://www.redfin.com/AR/Bryant/1205-Prickett-Rd-72022/home/82855193,34.6112539,-92.5038779
38,Single Family Residential,2427 Hurricane Gardens Dr,Bryant,AR,72022.0,315000,4,2.5,2235,7405.0,2019.0,25.0,http://www.redfin.com/AR/Bryant/2427-Hurricane-Gardens-Dr-72019/home/168212847,34.6310492,-92.51679909999999
39,Single Family Residential,1818 Rodeo Dr,Bryant,AR,72022.0,265000,4,2.5,2476,12196.0,1999.0,,http://www.redfin.com/AR/Bryant/1818-Rodeo-Dr-72022/home/81501924,34.6022727,-92.5098721
40,Single Family Residential,3810 Commonwealth Dr,Bryant,AR,72022.0,374900,4,3.5,3297,18295.0,2006.0,,http://www.redfin.com/AR/Bryant/3810-Commonwealth-Dr-72022/home/95420157,34.6294971,-92.5001851
41,Single Family Residential,3413 Garden Clb,Bryant,AR,72022.0,159900,3,2.0,1297,3484.0,2018.0,25.0,http://www.redfin.com/AR/Bryant/3413-Garden-Club-Dr-72022/home/95437229,34.6239604,-92.4761634
42,Single Family Residential,1511 Graham Rd,Jacksonville,AR,72076.0,93000,4,2.0,1558,15681.0,1958.0,,http://www.redfin.com/AR/Jacksonville/1511-Graham-Rd-72076/home/95367802,34.866703,-92.0928579
43,Single Family Residential,1005 Graham Rd,Jacksonville,AR,72076.0,114000,3,1.5,1938,11325.0,1952.0,,http://www.redfin.com/AR/Jacksonville/1005-Graham-Rd-72076/home/81354054,34.8666701,-92.0997946
44,Single Family Residential,409 W Martin St,Jacksonville,AR,72076.0,88900,3,1.5,1188,,1963.0,,http://www.redfin.com/AR/Jacksonville/409-W-Martin-St-72076/home/95366671,34.8737576,-92.1135563
45,Single Family Residential,2 Tara Rdg,Jacksonville,AR,72076.0,139900,3,2.0,1584,14374.0,1977.0,,http://www.redfin.com/AR/Jacksonville/2-Tara-Ridge-Cv-72076/home/81357157,34.8660503,-92.15759109999999
46,Single Family Residential,604 Innsbrooke,Jacksonville,AR,72076.0,249900,3,2.0,2079,16552.0,1994.0,,http://www.redfin.com/AR/Jacksonville/604-Innsbrooke-Cv-72076/home/82853428,34.87340379999999,-92.1571882
47,Single Family Residential,18 N Vly,Jacksonville,AR,72076.0,134900,3,2.0,1506,17859.0,2005.0,,http://www.redfin.com/AR/Jacksonville/18-N-Valley-Dr-72076/home/82856802,34.870382899999996,-92.181719
48,Single Family Residential,905 S Oak,Jacksonville,AR,72120.0,125000,3,1.0,1602,34848.0,1950.0,,http://www.redfin.com/AR/Jacksonville/905-S-Oak-St-72076/home/95368444,34.859088,-92.113439
49,Single Family Residential,1001 Gray,Jacksonville,AR,72076.0,103000,3,2.0,1311,10890.0,1966.0,,http://www.redfin.com/AR/Jacksonville/1001-Gray-St-72076/home/81353454,34.875839,-92.11154350000001
50,Single Family Residential,1602 Lost Creek Dr,Jacksonville,AR,,299900,4,2.5,2500,15245.0,2020.0,8.0,http://www.redfin.com/AR/Jacksonville/1602-Lost-Creek-Dr-72076/home/172616802,34.8804736,-92.163403
51,Single Family Residential,1520 Lost Creek Dr,Jacksonville,AR,72076.0,299900,4,2.0,2500,14810.0,2020.0,8.0,http://www.redfin.com/AR/Jacksonville/1520-Lost-Creek-Dr-72076/home/172616775,34.88092929999999,-92.1636752
52,Single Family Residential,115 Galloway Cir,Jacksonville,AR,72076.0,7000,3,1.5,1156,28314.0,1940.0,,http://www.redfin.com/AR/Jacksonville/115-Galloway-Cir-72076/home/95368246,34.864069,-92.1041089
53,Single Family Residential,204 Cherry St,Jacksonville,AR,72076.0,66000,3,1.0,1084,9583.0,1965.0,,http://www.redfin.com/AR/Jacksonville/204-Cherry-St-72076/home/95367151,34.8689628,-92.1036563
54,Single Family Residential,1 Raccoon Ct,Jacksonville,AR,,163900,3,2.0,2036,11761.0,1979.0,,http://www.redfin.com/AR/Jacksonville/1-Raccoon-Ct-72076/home/95371248,34.855397499999995,-92.1678389
55,Single Family Residential,1312 Yellowstone Dr,Jacksonville,AR,72076.0,139000,3,1.5,1373,8276.0,2001.0,,http://www.redfin.com/AR/Jacksonville/1312-Yellow-Stone-Dr-72076/home/93418924,34.856100299999994,-92.1254046
56,Single Family Residential,1 Hunters Woods Ct,Little Rock,AR,72210.0,295000,3,3.5,3877,20473.0,1994.0,45.0,http://www.redfin.com/AR/Little-Rock/1-Hunters-Woods-Ct-72210/home/81400916,34.6572251,-92.4414689
57,Single Family Residential,254 River Ridge Pt,Little Rock,AR,72227.0,1175000,4,4.0,5729,46173.0,2008.0,61.0,http://www.redfin.com/AR/Little-Rock/254-River-Ridge-Pt-72227/home/95335864,34.795143599999996,-92.3836376
58,Single Family Residential,6104 Sandy Ln,Little Rock,AR,72204.0,187500,3,2.0,2034,11325.0,2006.0,,http://www.redfin.com/AR/Little-Rock/6104-Sandy-Ln-72204/home/95349998,34.695879,-92.397242
59,Single Family Residential,105 Wellington Plantation Ln,Little Rock,AR,72212.0,395000,5,4.5,3743,11325.0,2005.0,33.0,http://www.redfin.com/AR/Little-Rock/105-Wellington-Plantation-Ln-72211/home/81409375,34.7701152,-92.4412179
60,Single Family Residential,1904 Cherrybend Dr,Little Rock,AR,72211.0,249500,3,2.5,2328,9147.0,1998.0,,http://www.redfin.com/AR/Little-Rock/1904-Cherrybend-Dr-72211/home/95362866,34.736000399999995,-92.411396
61,Condo/Co-op,3700 Cantrell Rd #410,Little Rock,AR,72202.0,230000,1,1.0,1026,,2009.0,307.0,http://www.redfin.com/AR/Little-Rock/3700-Cantrell-Rd-72202/unit-410/home/172662710,34.765593700000004,-92.3122795
62,Condo/Co-op,3700 Cantrell Rd #412,Little Rock,AR,72202.0,215000,1,1.0,948,,2009.0,284.0,http://www.redfin.com/AR/Little-Rock/3700-Cantrell-Rd-72202/unit-412/home/172662703,34.765593700000004,-92.3122795
63,Condo/Co-op,3700 Cantrell Rd #411,Little Rock,AR,72202.0,215000,1,1.0,948,,2009.0,284.0,http://www.redfin.com/AR/Little-Rock/3700-Cantrell-Rd-72202/unit-411/home/172662700,34.765593700000004,-92.3122795
64,Single Family Residential,1015 N Polk St,Little Rock,AR,72205.0,449500,4,2.5,2307,6969.0,1946.0,,http://www.redfin.com/AR/Little-Rock/1015-N-Polk-St-72205/home/82867972,34.760579799999995,-92.3342388
65,Single Family Residential,13 Portia Dr,Little Rock,AR,72212.0,269500,4,2.5,2304,,1975.0,,http://www.redfin.com/AR/Little-Rock/13-Portia-Dr-72212/home/95334538,34.7828398,-92.4240928
66,Single Family Residential,6 Shepard Ct,Little Rock,AR,72223.0,288000,3,2.5,2664,10890.0,1991.0,,http://www.redfin.com/AR/Little-Rock/6-Shepard-Ct-72223/home/95334591,34.7965536,-92.4335483
67,Single Family Residential,1205 Kavanaugh Blvd,Little Rock,AR,72205.0,424000,2,2.5,2235,2178.0,1920.0,,http://www.redfin.com/AR/Little-Rock/1205-Kavanaugh-Blvd-72205/home/82830294,34.7535853,-92.3068676
68,Single Family Residential,600 Nan Cir,Little Rock,AR,72211.0,115000,3,2.0,1220,9583.0,1973.0,,http://www.redfin.com/AR/Little-Rock/600-Nan-Cir-72211/home/81393871,34.75867589999999,-92.399164
69,Single Family Residential,13821 Cantrell,Little Rock,AR,72223.0,85000,3,1.0,1288,9147.0,1945.0,,http://www.redfin.com/AR/Little-Rock/13821-Cantrell-Rd-72223/home/81391239,34.8011867,-92.42595870000001
70,Single Family Residential,319 Dennison St,Little Rock,AR,72205.0,133500,2,1.5,1072,6969.0,1915.0,,http://www.redfin.com/AR/Little-Rock/319-Dennison-St-72205/home/95320062,34.7474957,-92.2986325
71,Single Family Residential,8500 Shelley Dr,Little Rock,AR,72209.0,82900,3,1.5,1384,9583.0,1964.0,,http://www.redfin.com/AR/Little-Rock/8500-Shelley-Dr-72209/home/81419515,34.67236810000001,-92.3382843
72,Single Family Residential,15524 Chicopee Trl,Little Rock,AR,72210.0,314900,4,3.0,2389,126324.0,1964.0,,http://www.redfin.com/AR/Little-Rock/15524-Chicopee-Trl-72210/home/95350663,34.6995904,-92.44647009999998
73,Single Family Residential,1624 N Fillmore,Little Rock,AR,72207.0,339000,4,3.0,2111,6969.0,1940.0,,http://www.redfin.com/AR/Little-Rock/1624-N-Fillmore-St-72207/home/82924177,34.7673245,-92.3373885
74,Condo/Co-op,315 Rock #1609,Little Rock,AR,72202.0,509900,2,2.0,1563,,2009.0,716.0,http://www.redfin.com/AR/Little-Rock/315-Rock-St-72202/unit-1609/home/95358889,34.7452442,-92.2669651
75,Single Family Residential,18 Farnham Loop,Little Rock,AR,72223.0,545000,4,3.5,4610,14374.0,2005.0,38.0,http://www.redfin.com/AR/Little-Rock/18-Farnham-Loop-72223/home/95329409,34.7911131,-92.4565128
76,Single Family Residential,302 Hickory Creek Ct NW,Little Rock,AR,72212.0,1349000,5,4.5,7349,16117.0,1998.0,306.0,http://www.redfin.com/AR/Little-Rock/302-Hickory-Creek-Ct-72212/home/95334305,34.7915957,-92.4392234
77,Condo/Co-op,3700 Cantrell Rd #407,Little Rock,AR,72202.0,210000,1,1.0,844,,2009.0,253.0,http://www.redfin.com/AR/Little-Rock/3700-Cantrell-Rd-72202/unit-407/home/81367373,34.7677332,-92.3234467
78,Condo/Co-op,3700 Cantrell Rd #408,Little Rock,AR,72202.0,210000,1,1.0,844,,2009.0,253.0,http://www.redfin.com/AR/Little-Rock/3700-Cantrell-Rd-72202/unit-408/home/81365871,34.7677332,-92.3234467
79,Single Family Residential,61 Berney Way Dr,Little Rock,AR,72223.0,329900,4,2.5,2894,10454.0,1999.0,35.0,http://www.redfin.com/AR/Little-Rock/61-Berney-Way-Dr-72223/home/95363635,34.806594700000005,-92.4841027
80,Single Family Residential,9 Mohawk Cir,Little Rock,AR,72205.0,198000,3,2.0,1550,,1954.0,,http://www.redfin.com/AR/Little-Rock/9-Mohawk-Cir-72207/home/95336518,34.7754794,-92.35578029999999
81,Single Family Residential,5003 Katillus Ct,Little Rock,AR,72223.0,329000,4,3.5,2950,17424.0,2004.0,28.0,http://www.redfin.com/AR/Little-Rock/5003-Katillus-Ct-72223/home/81409110,34.832434,-92.453891
82,Single Family Residential,47 Duquesne,Little Rock,AR,72223.0,325000,4,3.0,2926,15681.0,2000.0,38.0,http://www.redfin.com/AR/Little-Rock/47-Duquesne-Dr-72223/home/95363723,34.8056711,-92.4945209
83,Single Family Residential,10 Caurel Ct,Little Rock,AR,72223.0,424500,3,2.5,2928,6098.0,2020.0,40.0,http://www.redfin.com/AR/Little-Rock/10-Caurel-CT-72223/home/170342286,34.780894,-92.471777
84,Single Family Residential,13608 Foxfield Ln,Little Rock,AR,72211.0,385000,4,3.5,3083,,2007.0,35.0,http://www.redfin.com/AR/Little-Rock/13608-Foxfield-Ln-72211/home/82826594,34.735861,-92.426302
85,Single Family Residential,20 Marchwood Cv,Little Rock,AR,72210.0,370000,4,3.0,3084,16117.0,2010.0,67.0,http://www.redfin.com/AR/Little-Rock/20-Marchwood-Cv-72210/home/95358288,34.68830560000001,-92.42239599999999
86,Single Family Residential,9111 Oak Grv,Little Rock,AR,72209.0,85000,4,2.0,2011,10890.0,1965.0,,http://www.redfin.com/AR/Little-Rock/9111-Oak-Grove-Ln-72209/home/81400202,34.66762,-92.3577441
87,Single Family Residential,108 Overlook Dr,Little Rock,AR,,1450000,4,5.5,7251,66646.0,2009.0,,http://www.redfin.com/AR/Little-Rock/108-Overlook-Dr-72207/home/81411878,34.7885166,-92.3579448
88,Single Family Residential,7302 M St,Little Rock,AR,72207.0,289900,3,2.0,2042,,,,http://www.redfin.com/AR/Little-Rock/7302-M-St-72207/home/172648638,34.7646552,-92.3552775
89,Single Family Residential,12119 Teton Forest Dr,Little Rock,AR,72212.0,149000,3,2.0,1502,8712.0,1974.0,50.0,http://www.redfin.com/AR/Little-Rock/12119-Teton-Forest-Dr-72212/home/82846816,34.7882065,-92.40818449999999
90,Single Family Residential,13904 Fern Valley Ln,Little Rock,AR,72211.0,515000,4,3.5,3646,13939.0,2014.0,36.0,http://www.redfin.com/AR/Little-Rock/13904-Fern-Valley-Ln-72211/home/79158413,34.7345789,-92.4276268
91,Single Family Residential,9316 Carnahan Dr,Little Rock,AR,72204.0,117500,3,2.0,1155,9583.0,1977.0,,http://www.redfin.com/AR/Little-Rock/9316-Carnahan-Dr-72204/home/82916550,34.729619,-92.3803015
92,Single Family Residential,63 Falstone Dr,Little Rock,AR,72223.0,644900,4,4.5,4062,,2019.0,49.0,http://www.redfin.com/AR/Little-Rock/63-Falstone-DR-72223/home/167629567,34.780894,-92.471777
93,Single Family Residential,59 Berney Way,Little Rock,AR,72223.0,384950,4,3.0,3350,18730.0,1998.0,13.0,http://www.redfin.com/AR/Little-Rock/59-Berney-Way-Dr-72223/home/82870135,34.8064043,-92.4839288
94,Single Family Residential,1201 Welch,Little Rock,AR,72202.0,475000,5,3.0,4180,22651.0,1870.0,,http://www.redfin.com/AR/Little-Rock/1201-Welch-St-72202/home/82810132,34.735836299999995,-92.2595582
95,Single Family Residential,8 Mirabel Ct,Little Rock,AR,72223.0,650000,4,5.0,3988,12196.0,2017.0,33.0,http://www.redfin.com/AR/Little-Rock/Mirabel-Ct-72223/home/102284628,34.782171999999996,-92.495389
96,Single Family Residential,20620 Hardy Dr,Little Rock,AR,72206.0,324900,4,3.0,3237,43560.0,2004.0,,http://www.redfin.com/AR/Little-Rock/20620-Hardy-Dr-72206/home/81485923,34.5612584,-92.3402301
97,Single Family Residential,815 W 19th,Little Rock,AR,72206.0,114900,2,1.0,1015,3920.0,1940.0,,http://www.redfin.com/AR/Little-Rock/815-W-19th-St-72206/home/82975804,34.7306564,-92.28287309999999
98,Single Family Residential,98 Orle Cir,Little Rock,AR,72223.0,679900,4,4.0,4555,19602.0,2010.0,95.0,http://www.redfin.com/AR/Little-Rock/98-Orle-Cir-72223/home/81411220,34.7886346,-92.4926651
99,Single Family Residential,124 Vernon Ave,Little Rock,AR,72205.0,215000,3,2.0,1769,6534.0,1940.0,,http://www.redfin.com/AR/Little-Rock/124-Vernon-Ave-72205/home/95319962,34.7498586,-92.3038667
100,Single Family Residential,6412 Juniper,Little Rock,AR,72209.0,105000,3,2.0,1342,11325.0,1962.0,,http://www.redfin.com/AR/Little-Rock/6412-Juniper-Rd-72209/home/95350341,34.6754374,-92.3493823
101,Single Family Residential,61 Falstone Dr,Little Rock,AR,72223.0,649500,5,4.0,3980,13939.0,2020.0,49.0,http://www.redfin.com/AR/Little-Rock/61-Falstone-DR-72223/home/167629566,34.7710126,-92.4801989
102,Single Family Residential,8 Shawnee Forest Cv,Little Rock,AR,72212.0,234700,4,2.0,2457,14374.0,1978.0,,http://www.redfin.com/AR/Little-Rock/8-Shawnee-Forest-Cv-72212/home/81391826,34.789618,-92.4092349
103,Single Family Residential,7405 Illinois,Little Rock,AR,72207.0,159900,3,1.0,1408,7405.0,1939.0,,http://www.redfin.com/AR/Little-Rock/7405-Illinois-St-72207/home/81394186,34.7670551,-92.35647409999999
104,Single Family Residential,106 Deauville Dr,Little Rock,AR,72223.0,874999,5,5.0,5769,19602.0,2007.0,100.0,http://www.redfin.com/AR/Little-Rock/106-Deauville-Dr-72223/home/82816609,34.7870666,-92.4775322
105,Single Family Residential,5 Chenal Downs Dr,Little Rock,AR,72223.0,1275000,4,5.0,7100,218235.0,2007.0,167.0,http://www.redfin.com/AR/Little-Rock/5-Chenal-Downs-Blvd-72223/home/82918813,34.7732526,-92.4686853
106,Single Family Residential,160 Pebble Beach Dr,Little Rock,AR,72212.0,350000,3,2.5,2623,16552.0,1984.0,,http://www.redfin.com/AR/Little-Rock/160-Pebble-Beach-Dr-72212/home/82953421,34.7817088,-92.434055
107,Single Family Residential,522 Ash St,Little Rock,AR,72205.0,299900,2,2.0,1613,6969.0,1928.0,,http://www.redfin.com/AR/Little-Rock/522-Ash-St-72205/home/82893419,34.7560852,-92.323337
108,Single Family Residential,8 Marchwood Cv,Little Rock,AR,72210.0,325500,3,2.0,2132,14374.0,2017.0,100.0,http://www.redfin.com/AR/Little-Rock/8-Marchwood-Cv-72210/home/95358284,34.6897157,-92.422285
109,Single Family Residential,38 Bristol Ct,Little Rock,AR,72211.0,385000,4,3.5,3450,7840.0,2007.0,33.0,http://www.redfin.com/AR/Little-Rock/38-Bristol-Ct-72211/home/95344922,34.771443299999994,-92.444906
110,Single Family Residential,2219 S Schiller St,Little Rock,AR,,185000,3,2.0,1660,6534.0,1895.0,,http://www.redfin.com/AR/Little-Rock/2219-S-Schiller-St-72202/home/82941679,34.727622499999995,-92.296273
111,Single Family Residential,2915 N University Ave,Little Rock,AR,72207.0,869000,4,5.5,4354,,2017.0,,http://www.redfin.com/AR/Little-Rock/2915-N-University-Ave-72207/home/82978867,34.7790104,-92.33997140000001
112,Single Family Residential,714 N Shackleford Rd,Little Rock,AR,72211.0,201000,4,2.5,2021,13503.0,1976.0,6.0,http://www.redfin.com/AR/Little-Rock/714-N-Shackleford-Rd-72211/home/95339356,34.759676299999995,-92.3965405
113,Condo/Co-op,301 Kings Row #408,Little Rock,AR,72207.0,129500,2,2.0,1112,,1980.0,180.0,http://www.redfin.com/AR/Little-Rock/301-Kings-Row-Dr-72207/unit-408/home/146748248,34.771982200000004,-92.35395109999999
114,Condo/Co-op,300 E 3rd St #1008,Little Rock,AR,72201.0,524900,2,2.0,1535,,2007.0,725.0,http://www.redfin.com/AR/Little-Rock/300-E-3rd-St-72201/unit-1008/home/81414967,34.7460626,-92.2677324
115,Single Family Residential,200 Chalamont,Little Rock,AR,72223.0,300000,4,3.0,2557,14374.0,2002.0,36.0,http://www.redfin.com/AR/Little-Rock/200-Chalamont-Ln-72223/home/95365093,34.8093237,-92.511354
116,Single Family Residential,10104 Geyer Springs Rd,Little Rock,AR,72209.0,48500,2,1.5,1308,4356.0,1966.0,,http://www.redfin.com/AR/Little-Rock/10104-Geyer-Springs-Rd-72209/home/95351295,34.6579847,-92.3451817
117,Single Family Residential,48 Overlook,Little Rock,AR,72207.0,1350000,4,4.5,6809,32670.0,1989.0,,http://www.redfin.com/AR/Little-Rock/48-Overlook-Dr-72207/home/95336169,34.788379299999995,-92.363355
118,Single Family Residential,9 Lamarche Ln,Little Rock,AR,72223.0,549000,6,3.5,4518,23958.0,2006.0,46.0,http://www.redfin.com/AR/Little-Rock/9-La-Marche-Ln-72223/home/95329456,34.7830147,-92.4614383
119,Single Family Residential,16 Blue Ridge Cir,Little Rock,AR,72207.0,699000,3,2.0,3220,15681.0,1956.0,,http://www.redfin.com/AR/Little-Rock/16-Blue-Ridge-Cir-72207/home/82918724,34.778042,-92.329712
120,Single Family Residential,7 Rosewood,Little Rock,AR,,65000,3,2.0,1467,6969.0,1961.0,,http://www.redfin.com/AR/Little-Rock/7-Rosewood-Dr-72209/home/81398917,34.6924609,-92.35774620000001
121,Single Family Residential,2120 West Rd,Little Rock,AR,72207.0,235000,3,2.0,1300,18730.0,1955.0,,http://www.redfin.com/AR/Little-Rock/2120-W-Rd-72207/home/81392304,34.772177,-92.349124
122,Single Family Residential,71 Hallen Ct,Little Rock,AR,72223.0,1200000,4,4.0,4737,13503.0,2018.0,300.0,http://www.redfin.com/AR/Little-Rock/71-Hallen-Ct-72223/home/112365078,34.7783718,-92.4814878
123,Single Family Residential,2606 Sweetgrass Dr,Little Rock,AR,72211.0,350000,4,3.5,3228,10018.0,2004.0,44.0,http://www.redfin.com/AR/Little-Rock/2606-Sweetgrass-Dr-72211/home/95329214,34.7316104,-92.4217398
124,Single Family Residential,806 Hall Dr,Little Rock,AR,72205.0,249900,3,2.0,2148,12196.0,1961.0,,http://www.redfin.com/AR/Little-Rock/806-Hall-Dr-72205/home/82883571,34.759242799999996,-92.348862
125,Single Family Residential,1802 River Heights Dr,Little Rock,AR,72202.0,450000,3,2.5,2875,8276.0,1996.0,151.0,http://www.redfin.com/AR/Little-Rock/1802-River-Heights-Dr-72202/home/95381303,34.7676534,-92.30587259999999
126,Single Family Residential,3 Noyant Ct,Little Rock,AR,72223.0,544900,4,4.0,4874,33105.0,2003.0,49.0,http://www.redfin.com/AR/Little-Rock/3-Noyant-Ct-72223/home/81409267,34.784138899999995,-92.46022140000001
127,Single Family Residential,7718 Flintridge Rd,Little Rock,AR,72210.0,675000,5,4.5,4594,283140.0,1997.0,,http://www.redfin.com/AR/Little-Rock/7718-Flintridge-Rd-72210/home/95349877,34.6823679,-92.411804
128,Single Family Residential,11040 Rivercrest,Little Rock,AR,72212.0,749900,4,2.5,3213,20037.0,1978.0,,http://www.redfin.com/AR/Little-Rock/11040-Rivercrest-Dr-72212/home/81390633,34.799773200000004,-92.3950455
129,Townhouse,2200 Andover Ct #1002,Little Rock,AR,72227.0,165000,3,2.5,1540,,1983.0,319.0,http://www.redfin.com/AR/Little-Rock/2200-Andover-Ct-72227/unit-1002/home/81415195,34.7747191,-92.3660425
130,Single Family Residential,8819 Mayflower Rd,Little Rock,AR,72205.0,130000,3,1.5,1250,9583.0,1960.0,,http://www.redfin.com/AR/Little-Rock/8819-Mayflower-Rd-72205/home/95342536,34.7499829,-92.37319620000001
131,Single Family Residential,45 Commentry Dr,Little Rock,AR,72223.0,444700,4,4.5,3232,10890.0,2019.0,21.0,http://www.redfin.com/AR/Little-Rock/45-Commentry-Dr-72223/home/81411323,34.8142812,-92.51788549999999
132,Single Family Residential,1600 W 19th St,Little Rock,AR,72202.0,205000,3,2.5,2068,6969.0,1940.0,,http://www.redfin.com/AR/Little-Rock/1600-W-19th-St-72202/home/95324002,34.7312963,-92.29088990000001
133,Condo/Co-op,412 Chenal Woods Dr #311,Little Rock,AR,72223.0,325000,2,2.0,1271,,2014.0,356.0,http://www.redfin.com/AR/Little-Rock/412-72223/unit-311/home/172606220,34.770923100000005,-92.4606579
134,Single Family Residential,5 Farnham Loop,Little Rock,AR,72223.0,645000,5,4.5,5169,26136.0,2006.0,35.0,http://www.redfin.com/AR/Little-Rock/5-Farnham-Loop-72223/home/82869353,34.7913198,-92.4548131
135,Single Family Residential,1424 Reservoir,Little Rock,AR,72227.0,140000,4,2.0,1739,9583.0,1973.0,,http://www.redfin.com/AR/Little-Rock/1424-Reservoir-Rd-72227/home/95339643,34.7657006,-92.3763101
136,Single Family Residential,3 Benham,Little Rock,AR,72210.0,294900,3,2.5,2613,10454.0,2009.0,6.0,http://www.redfin.com/AR/Little-Rock/3-Benham-Ln-72210/home/82931710,34.6883323,-92.42104499999999
137,Single Family Residential,19618 Hunters Woods,Little Rock,AR,72210.0,312000,4,3.5,3360,22651.0,1985.0,45.0,http://www.redfin.com/AR/Little-Rock/19618-Hunters-Woods-Dr-72210/home/82896078,34.6574727,-92.4420482
138,Single Family Residential,35 Marchwood Cv,Little Rock,AR,72210.0,399900,4,3.5,3400,10454.0,2020.0,8.0,http://www.redfin.com/AR/Little-Rock/35-Marchwood-Cv-72210/home/95358239,34.687096999999994,-92.4206729
139,Single Family Residential,1 Lenon Dr,Little Rock,AR,72207.0,499000,4,3.0,3106,23522.0,1956.0,,http://www.redfin.com/AR/Little-Rock/1-Lenon-Dr-72207/home/82940563,34.764760200000005,-92.3412127
140,Single Family Residential,24 Glendale Dr,Little Rock,AR,72209.0,72000,3,1.0,988,,1970.0,,http://www.redfin.com/AR/Little-Rock/24-Glendale-Dr-72209/home/81398906,34.694386,-92.35922059999999
141,Condo/Co-op,"315 Rock, #1704",Little Rock,AR,72202.0,285000,1,1.0,823,,2009.0,346.0,http://www.redfin.com/AR/Little-Rock/315-Rock-St-72202/unit-1704/home/82845931,34.7452442,-92.2669651
142,Condo/Co-op,301 #410 Dr Unit Kings Row 410,Little Rock,AR,72207.0,132000,2,2.0,1081,,1980.0,15.0,http://www.redfin.com/AR/Little-Rock/301-410-DR-72207/unit-Kings-Row-410/home/172577128,34.7791669,-92.3468195
143,Condo/Co-op,115 Vertical Lofts Dr,Little Rock,AR,72201.0,269000,3,1.5,2530,3049.0,2008.0,,http://www.redfin.com/AR/Little-Rock/115-Vertical-Lofts-Dr-72201/home/82152581,34.750915,-92.28483
144,Single Family Residential,122 Wellington Plantation Ln,Little Rock,AR,72211.0,534900,4,4.5,4349,15245.0,2005.0,38.0,http://www.redfin.com/AR/Little-Rock/122-Wellington-Plantation-Ln-72211/home/81409482,34.770945399999995,-92.44283979999999
145,Single Family Residential,3722 Foxcroft Rd,Little Rock,AR,72227.0,324900,3,2.5,3138,10454.0,1994.0,,http://www.redfin.com/AR/Little-Rock/3722-Foxcroft-Rd-72227/home/81392229,34.7859744,-92.3672875
146,Single Family Residential,21 Eagle Talon Cv,Little Rock,AR,72211.0,412999,5,3.5,3509,12196.0,2007.0,45.0,http://www.redfin.com/AR/Little-Rock/21-Eagle-Talon-Cv-72211/home/82893295,34.733407,-92.4159887
147,Single Family Residential,7106 Morgan Cemetery Rd,Little Rock,AR,72223.0,889900,5,3.5,5104,107157.0,2009.0,,http://www.redfin.com/AR/Little-Rock/7106-Morgan-Cemetary-Rd-72223/home/81420198,34.817371,-92.508025
148,Single Family Residential,209 Barton St,Little Rock,AR,72205.0,114500,3,1.0,1630,,,,http://www.redfin.com/AR/Little-Rock/209-Barton-St-72205/home/95320047,34.7487372,-92.29741159999999
149,Single Family Residential,3115 Wynne Dr,Little Rock,AR,72204.0,85000,4,1.5,1309,6534.0,1963.0,,http://www.redfin.com/AR/Little-Rock/3115-Wynne-Dr-72204/home/95346134,34.7243253,-92.3617552
150,Single Family Residential,811 N Bryan St,Little Rock,AR,72205.0,195000,3,2.0,2073,8276.0,1962.0,,http://www.redfin.com/AR/Little-Rock/811-N-Bryan-St-72207/home/82932687,34.75950170000001,-92.35304740000001
151,Single Family Residential,806 Parkway Pl,Little Rock,AR,72211.0,159900,3,2.0,1599,,1988.0,,http://www.redfin.com/AR/Little-Rock/806-Parkway-Pl-Dr-72211/home/82960695,34.747597,-92.4249823
152,Single Family Residential,1106 N Mellon St,Little Rock,AR,72207.0,179000,3,2.0,1500,8276.0,1960.0,,http://www.redfin.com/AR/Little-Rock/1106-Mellon-St-72207/home/82863702,34.762004299999994,-92.3521958
153,Single Family Residential,8 Keswick Cv,Little Rock,AR,72212.0,305000,3,2.5,3070,15245.0,1985.0,20.0,http://www.redfin.com/AR/Little-Rock/8-Keswick-Cv-72212/home/82915228,34.770863899999995,-92.42201
154,Single Family Residential,311 Ensbury Dr,Little Rock,AR,72223.0,649900,4,4.5,3948,,2020.0,44.0,http://www.redfin.com/AR/Little-Rock/311-Ensbury-Dr-72223/home/144570573,34.7768313,-92.48390690000001
155,Single Family Residential,10818 Lionel Dr,Little Rock,AR,,90000,2,2.0,1664,10018.0,1976.0,,http://www.redfin.com/AR/Little-Rock/10818-Lionel-Dr-72209/home/95353056,34.6514797,-92.35554909999999
156,Single Family Residential,1724 Charlotte Ct,Little Rock,AR,72204.0,110000,3,2.0,1320,13503.0,1979.0,,http://www.redfin.com/AR/Little-Rock/1724-Charlotte-Ct-72204/home/81396741,34.7361928,-92.34379440000001
157,Single Family Residential,9 Bristol Ct,Little Rock,AR,72211.0,349900,3,2.5,2835,,2009.0,38.0,http://www.redfin.com/AR/Little-Rock/9-Bristol-Ct-72211/home/95344940,34.770475899999994,-92.44367009999999
158,Single Family Residential,2611 Creekside,Little Rock,AR,72211.0,206900,3,2.0,1636,7405.0,1994.0,,http://www.redfin.com/AR/Little-Rock/2611-Creekside-Dr-72211/home/95344225,34.7299081,-92.40632149999999
159,Single Family Residential,8 Roane Cir,Little Rock,AR,72204.0,117000,3,2.0,1250,22651.0,1962.0,,http://www.redfin.com/AR/Little-Rock/8-Roane-Cir-72204/home/81420197,34.733925799999994,-92.3494979
160,Single Family Residential,15 Ridgeview Ct,Little Rock,AR,72227.0,624900,4,3.5,3919,41382.0,1993.0,83.0,http://www.redfin.com/AR/Little-Rock/15-Ridgeview-Ct-72227/home/95336799,34.780699799999994,-92.3690803
161,Single Family Residential,9 Frecourt Ln,Little Rock,AR,72223.0,515000,5,3.5,4362,,2001.0,32.0,http://www.redfin.com/AR/Little-Rock/9-Frecourt-Ln-72223/home/82946006,34.783089000000004,-92.4652439
162,Condo/Co-op,300 E Third #801,Little Rock,AR,72201.0,510000,2,2.5,1863,,2007.0,858.0,http://www.redfin.com/AR/Little-Rock/300-E-3rd-St-72201/unit-801/home/81415458,34.7460626,-92.2677324
163,Single Family Residential,1016 N Monroe St,Little Rock,AR,72205.0,282500,3,2.0,1544,6969.0,1930.0,,http://www.redfin.com/AR/Little-Rock/1016-N-Monroe-St-72205/home/95382549,34.7608249,-92.327984
164,Single Family Residential,7 Holly Springs Ct,Little Rock,AR,72212.0,419900,4,2.5,3418,14374.0,1977.0,,http://www.redfin.com/AR/Little-Rock/7-Holly-Spg-72212/home/95334503,34.78648,-92.42507890000002
165,Single Family Residential,2908 Wolfe St,Little Rock,AR,,55000,3,2.0,1789,,1940.0,,http://www.redfin.com/AR/Little-Rock/2908-Wolfe-St-72206/home/81384311,34.7209588,-92.2937266
166,Mobile/Manufactured Home,3701 Charleston Cv,Little Rock,AR,72206.0,75000,3,2.0,1512,37026.0,2002.0,,http://www.redfin.com/AR/Little-Rock/3701-Charleston-Cv-72206/home/82985835,34.5844012,-92.3247622
167,Single Family Residential,2401 Peach Tree Dr,Little Rock,AR,72211.0,205000,4,2.5,2160,9147.0,1979.0,,http://www.redfin.com/AR/Little-Rock/2401-Peach-Tree-Dr-72211/home/82887107,34.732845700000006,-92.40069390000001
168,Single Family Residential,3 Longview Cv,Little Rock,AR,72212.0,488900,4,3.5,4101,17424.0,1988.0,,http://www.redfin.com/AR/Little-Rock/3-Longview-Cv-72212/home/95334820,34.7900073,-92.42986590000001
169,Single Family Residential,48 Fontenay Cir,Little Rock,AR,72223.0,995000,4,3.5,6043,35719.0,1994.0,82.0,http://www.redfin.com/AR/Little-Rock/48-Fontenay-Cir-72223/home/95363244,34.7678516,-92.46802590000001
170,Single Family Residential,5618 Greenwood Acres Blvd,Little Rock,AR,72204.0,169000,3,2.0,1810,7840.0,2009.0,,http://www.redfin.com/AR/Little-Rock/5618-Greenwood-Acres-Blvd-72204/home/95358200,34.692577,-92.383815
171,Single Family Residential,29 Lendl Loop,Little Rock,AR,72210.0,175000,3,2.0,1888,10454.0,1985.0,45.0,http://www.redfin.com/AR/Little-Rock/29-Lendl-Loop-72210/home/81400955,34.6666036,-92.429171
172,Single Family Residential,117 Willow Point Dr,Little Rock,AR,72223.0,289900,3,2.0,1800,6969.0,2020.0,15.0,http://www.redfin.com/AR/Little-Rock/117-Willow-Point-Dr-72223/home/172525796,34.752149700000004,-92.45901090000001
173,Single Family Residential,103 Deauville Dr,Little Rock,AR,72223.0,699000,4,4.5,4451,17424.0,2007.0,100.0,http://www.redfin.com/AR/Little-Rock/103-Deauville-Dr-72223/home/82830611,34.787684399999996,-92.4768365
174,Single Family Residential,6 Redcoat Ln,Little Rock,AR,72227.0,539000,4,2.5,4132,14810.0,1969.0,,http://www.redfin.com/AR/Little-Rock/6-Redcoat-Ln-72227/home/81392445,34.7813083,-92.3666128
175,Single Family Residential,419 Beechwood,Little Rock,AR,72205.0,219900,2,1.0,1100,6969.0,1950.0,,http://www.redfin.com/AR/Little-Rock/419-Beechwood-St-72205/home/82905858,34.75513170000001,-92.3235681
176,Single Family Residential,29 Glasgow Ct,Little Rock,AR,72211.0,375000,4,3.0,3466,,2007.0,40.0,http://www.redfin.com/AR/Little-Rock/29-Glasgow-Ct-72211/home/82834927,34.767439700000004,-92.4440358
177,Single Family Residential,14 Woodberry Rd,Little Rock,AR,72212.0,375000,5,2.5,3188,14374.0,1977.0,,http://www.redfin.com/AR/Little-Rock/14-Woodberry-Rd-72212/home/82968530,34.7822594,-92.42370849999999
178,Single Family Residential,11923 Fairway Dr,Little Rock,AR,72212.0,845500,4,4.5,5050,,1981.0,,http://www.redfin.com/AR/Little-Rock/11923-Fairway-Dr-72212/home/81391484,34.7810414,-92.40775179999999
179,Condo/Co-op,816 N Street #37,Little Rock,AR,72201.0,134900,2,1.0,921,,1999.0,175.0,http://www.redfin.com/AR/Little-Rock/816-North-St-72201/unit-37/home/161633879,34.7513359,-92.2789925
180,Single Family Residential,800 Wildcreek Cir,Little Rock,AR,72223.0,399999,4,2.5,2500,6969.0,2020.0,33.0,http://www.redfin.com/AR/Little-Rock/800-Wildcreek-Cir-72223/home/169142625,34.769888,-92.481712
181,Single Family Residential,4808 Club Rd,Little Rock,AR,72207.0,720000,3,3.5,2848,6534.0,1928.0,,http://www.redfin.com/AR/Little-Rock/4808-Club-Rd-72207/home/82836925,34.770207899999996,-92.3269963
182,Single Family Residential,1507 N Fillmore St,Little Rock,AR,72207.0,299500,3,2.0,1725,,1985.0,,http://www.redfin.com/AR/Little-Rock/1507-N-Fillmore-St-72207/home/95382153,34.766352600000005,-92.33689720000001
183,Single Family Residential,6 Spotwood Rd,Little Rock,AR,72207.0,210000,2,1.0,1150,,1950.0,,http://www.redfin.com/AR/Little-Rock/6-Spotwood-Rd-72207/home/84818285,34.7760466,-92.3509625
184,Condo/Co-op,300 Third St #709,Little Rock,AR,72201.0,215000,1,1.0,796,,2007.0,416.0,http://www.redfin.com/AR/Little-Rock/300-E-3rd-St-72201/unit-709/home/81414956,34.7460626,-92.2677324
185,Single Family Residential,9 Cascade Crk,Little Rock,AR,72223.0,795000,4,3.5,4761,296208.0,2006.0,33.0,http://www.redfin.com/AR/Little-Rock/9-Cascade-Creek-Rd-72223/home/95364112,34.754787,-92.522183
186,Single Family Residential,13224 Colonel Glenn,Little Rock,AR,72210.0,599000,4,3.0,3200,278348.0,1999.0,,http://www.redfin.com/AR/Little-Rock/13224-Colonel-Glenn-Rd-72210/home/81399354,34.7131331,-92.419887
187,Single Family Residential,2815 Pratt,Little Rock,AR,72206.0,206000,4,2.0,2618,53578.0,1970.0,,http://www.redfin.com/AR/Little-Rock/2815-Pratt-Rd-72206/home/95330783,34.6180345,-92.3128614
188,Single Family Residential,2201 Fair Park Blvd,Little Rock,AR,72204.0,160000,4,3.0,2873,13068.0,1940.0,,http://www.redfin.com/AR/Little-Rock/2201-Fair-Park-Blvd-72204/home/81380551,34.731750899999994,-92.334624
189,Single Family Residential,4 Patricia Ln,Little Rock,AR,72205.0,249900,3,2.0,2061,22215.0,1960.0,,http://www.redfin.com/AR/Little-Rock/4-Patricia-Ln-72205/home/95339795,34.7566019,-92.3604847
190,Single Family Residential,3215 Foxcroft Rd,Little Rock,AR,72227.0,499900,5,4.5,3816,16552.0,1973.0,3.0,http://www.redfin.com/AR/Little-Rock/3215-Foxcroft-Rd-72227/home/81392223,34.781849799999996,-92.36314300000001
191,Single Family Residential,5 Bordeaux Ct,Little Rock,AR,72211.0,342000,4,3.5,2724,10454.0,1995.0,33.0,http://www.redfin.com/AR/Little-Rock/5-Bordeaux-Ct-72211/home/95338959,34.7623823,-92.4364103
192,Single Family Residential,3602 Doral Dr,Little Rock,AR,72205.0,569900,5,3.5,4331,25264.0,1976.0,35.0,http://www.redfin.com/AR/Little-Rock/3602-Doral-Dr-72212/home/81391592,34.78627279999999,-92.4061092
193,Single Family Residential,5 Arrow Brook Ct,Little Rock,AR,72227.0,219000,4,3.0,2331,13068.0,1965.0,,http://www.redfin.com/AR/Little-Rock/5-Arrow-Brook-Ct-72227/home/95340263,34.761957,-92.3702
194,Single Family Residential,190 Pebble Beach Dr,Little Rock,AR,72212.0,368500,4,2.5,4035,16117.0,1985.0,,http://www.redfin.com/AR/Little-Rock/190-Pebble-Beach-Dr-72212/home/82789555,34.7829645,-92.43704749999999
195,Single Family Residential,8105 Oxford Valley Dr,Mabelvale,AR,72103.0,164900,4,2.5,1896,12632.0,2006.0,,http://www.redfin.com/AR/Mabelvale/8105-Oxford-Valley-Dr-72103/home/82810238,34.646850799999996,-92.3693502
196,Single Family Residential,9521 Kling Rd,Mabelvale,AR,72103.0,239500,3,2.5,2492,74052.0,1949.0,,http://www.redfin.com/AR/Mabelvale/9521-Kling-Rd-72103/home/81475559,34.611151799999995,-92.3855853
197,Single Family Residential,7200 Shannon Ln,Mabelvale,AR,72103.0,115000,4,3.0,1961,37026.0,1974.0,,http://www.redfin.com/AR/Mabelvale/7200-Shannon-Ln-72103/home/81485707,34.605232799999996,-92.3609842
198,Mobile/Manufactured Home,7825 Dogwood Trl,Mabelvale,AR,72103.0,89900,3,2.0,1680,28314.0,1989.0,,http://www.redfin.com/AR/Mabelvale/7825-Dogwood-Trl-72103/home/95421580,34.569495200000006,-92.3717022
199,Single Family Residential,15026 Summer Oak Dr,Mabelvale,AR,72103.0,228500,3,2.0,2028,47916.0,2020.0,,http://www.redfin.com/AR/MABELVALE/15026-SUMMER-OAK-DR-72103/home/81510272,34.595044,-92.35844300000001
200,Single Family Residential,10626 Pineview Dr,Mabelvale,AR,72103.0,187500,4,2.5,2968,49222.0,1985.0,,http://www.redfin.com/AR/Mabelvale/10626-Pineview-Dr-72103/home/82947358,34.5945881,-92.3994727
201,Single Family Residential,10524 E High Rd,Mabelvale,AR,72103.0,109900,2,2.0,1627,21344.0,1954.0,,http://www.redfin.com/AR/Mabelvale/10524-High-Rd-E-72103/home/95434178,34.6248274,-92.39720600000001
202,Single Family Residential,190 Majestic Cir,Maumelle,AR,72113.0,435000,5,4.0,3928,9583.0,2010.0,,http://www.redfin.com/AR/Maumelle/190-Majestic-Cir-72113/home/95358647,34.869865000000004,-92.414618
203,Condo/Co-op,33 Edgehill Cv,Maumelle,AR,72113.0,109900,3,2.5,1615,,1994.0,35.0,http://www.redfin.com/AR/Maumelle/33-Edgehill-Cv-72113/home/82871010,34.864003600000004,-92.40672190000001
204,Single Family Residential,108 Osage,Maumelle,AR,72113.0,485500,4,3.5,4287,23086.0,2002.0,25.0,http://www.redfin.com/AR/Maumelle/108-Osage-Dr-72113/home/82943239,34.849563700000004,-92.4220679
205,Single Family Residential,115 Lake Valley Dr,Maumelle,AR,72113.0,334900,4,3.0,2764,,2008.0,8.0,http://www.redfin.com/AR/Maumelle/115-Lake-Valley-Dr-72113/home/95356751,34.8687369,-92.42707340000001
206,Single Family Residential,40 Oakridge Dr,Maumelle,AR,72113.0,84500,3,2.0,1113,8276.0,1987.0,,http://www.redfin.com/AR/Maumelle/40-Oak-Ridge-Dr-72113/home/95332220,34.8754249,-92.3986625
207,Single Family Residential,147 Mountain Valley Dr,Maumelle,AR,72113.0,269900,4,2.0,2323,10454.0,2004.0,8.0,http://www.redfin.com/AR/Maumelle/147-Mountain-Valley-Dr-72113/home/95328797,34.8584648,-92.42625629999999
208,Townhouse,14 Ninth Fairway Loop,Maumelle,AR,72113.0,235000,3,2.0,2386,4791.0,1984.0,29.0,http://www.redfin.com/AR/Maumelle/14-9th-Fairway-Loop-72113/home/95332624,34.846118,-92.419703
209,Condo/Co-op,200 Pine Frst Unit E2,Maumelle,AR,72113.0,90000,2,1.5,1418,871.0,1984.0,100.0,http://www.redfin.com/AR/Maumelle/200-Pine-Forest-Dr-72113/unit-E2/home/95332232,34.867681700000006,-92.40042240000001
210,Single Family Residential,11 Bouriese Cir,Maumelle,AR,72113.0,309900,4,3.0,2462,13503.0,2007.0,4.0,http://www.redfin.com/AR/Maumelle/11-Bouriese-Cir-72113/home/92206370,34.8444436,-92.3899439
211,Condo/Co-op,200 Pine Forest Dr Unit A2,Maumelle,AR,72113.0,95000,2,1.5,1344,,1984.0,100.0,http://www.redfin.com/AR/Maumelle/200-Pine-Forest-Dr-72113/unit-A2/home/81415114,34.867193,-92.40040450000001
212,Single Family Residential,13 Sharondale Pl,Maumelle,AR,72113.0,199900,3,2.0,1968,10018.0,1985.0,,http://www.redfin.com/AR/Maumelle/13-Sharondale-Pl-72113/home/95341278,34.8425717,-92.40626359999999
213,Single Family Residential,224 Country Club Pkwy,Maumelle,AR,72113.0,309000,4,3.0,3255,13939.0,2000.0,4.0,http://www.redfin.com/AR/Maumelle/224-Country-Club-Pkwy-72113/home/85253451,34.8411751,-92.3972928
214,Single Family Residential,6 Emerald Dr,Maumelle,AR,72113.0,275900,4,2.5,2371,8712.0,2000.0,,http://www.redfin.com/AR/Maumelle/6-Emerald-Dr-72113/home/95331665,34.8762167,-92.4131327
215,Single Family Residential,38 Hanna Loop,Maumelle,AR,72113.0,254900,3,2.0,1814,,2020.0,,http://www.redfin.com/AR/Maumelle/38-Hanna-LOOP-72113/home/172597309,34.8667565,-92.4043219
216,Single Family Residential,108 Timberland Trl,Maumelle,AR,72113.0,512000,4,3.0,3200,13068.0,2020.0,42.0,http://www.redfin.com/AR/Maumelle/108-Timberland-TRL-Unknown/home/171078960,34.8667565,-92.4043219
217,Single Family Residential,21 Hanna Loop,Maumelle,AR,72113.0,279900,4,2.0,2102,13939.0,2020.0,,http://www.redfin.com/AR/Maumelle/21-Hanna-LOOP-Unknown/home/171080013,34.8667565,-92.4043219
218,Single Family Residential,11 Sugarloaf Loop,Maumelle,AR,72113.0,248624,3,2.5,2391,10454.0,2001.0,,http://www.redfin.com/AR/Maumelle/11-Sugarloaf-Loop-72113/home/95332767,34.856241,-92.416722
219,Single Family Residential,6 Brittney Dr,Maumelle,AR,72113.0,869000,6,4.0,6053,92782.0,2000.0,100.0,http://www.redfin.com/AR/Maumelle/6-Brittney-Dr-72113/home/82783124,34.8276416,-92.3972928
220,Single Family Residential,119 Turtle Creek Cv,Maumelle,AR,72113.0,899000,5,5.5,7956,9147.0,2016.0,25.0,http://www.redfin.com/AR/Maumelle/119-Turtle-Creek-Cv-72113/home/95344906,34.8285133,-92.4074999
221,Single Family Residential,103 Natural Trl,Maumelle,AR,72113.0,334900,4,2.0,2237,10890.0,2020.0,,http://www.redfin.com/AR/Maumelle/103-Natural-Trl-72113/home/172519246,34.8429186,-92.37356240000001
222,Single Family Residential,36 Hanna Loop,Maumelle,AR,72113.0,254900,3,2.0,1814,,2020.0,,http://www.redfin.com/AR/Maumelle/36-Hanna-LOOP-72113/home/172514765,34.8667565,-92.4043219
223,Single Family Residential,34 Hanna Loop,Maumelle,AR,72113.0,254900,3,2.0,1814,,2020.0,,http://www.redfin.com/AR/Maumelle/34-Hanna-LOOP-72113/home/172514757,34.8667565,-92.4043219
224,Single Family Residential,9 Round Hill Rd,North Little Rock,AR,72116.0,180900,4,2.5,1763,18295.0,1962.0,,http://www.redfin.com/AR/North-Little-Rock/9-Roundhill-Rd-72116/home/95311469,34.7962467,-92.25859659999999
225,Single Family Residential,1401 Aster Dr,North Little Rock,AR,72117.0,153800,4,2.0,1473,7405.0,2020.0,10.0,http://www.redfin.com/AR/North-Little-Rock/1401-Aster-Dr-72117/home/172663518,34.7392295,-92.13062059999999
226,Single Family Residential,4800 N Vine St,North Little Rock,AR,,175000,4,2.0,2000,12196.0,1963.0,,http://www.redfin.com/AR/North-Little-Rock/4800-N-Vine-St-72116/home/95311473,34.7992452,-92.25847929999999
227,Single Family Residential,4416 Maple St,North Little Rock,AR,72116.0,1,3,1.0,1044,,1960.0,,http://www.redfin.com/AR/North-Little-Rock/4416-Maple-St-72118/home/95316445,34.795606299999996,-92.2675593
228,Single Family Residential,308 Corondelet Ln,North Little Rock,AR,72113.0,279900,4,2.0,2171,8712.0,2012.0,4.0,http://www.redfin.com/AR/Maumelle/308-Corondelet-Ln-72113/home/82774875,34.849725899999996,-92.37173670000001
229,Single Family Residential,324 W L Ave,North Little Rock,AR,72116.0,112400,3,2.0,2019,,1955.0,,http://www.redfin.com/AR/North-Little-Rock/324-W-L-Ave-72116/home/95316374,34.7944773,-92.2633278
230,Single Family Residential,708 N Cedar St,North Little Rock,AR,72114.0,60000,3,2.0,1330,6969.0,1935.0,,http://www.redfin.com/AR/North-Little-Rock/708-Cedar-St-72114/home/81377066,34.7602468,-92.2577699
231,Single Family Residential,1218 Matehuala Blvd,North Little Rock,AR,72118.0,149900,3,2.0,1307,,2015.0,,http://www.redfin.com/AR/North-Little-Rock/1218-Matehuala-Blvd-72118/home/82779305,34.880572799999996,-92.3683801
232,Single Family Residential,5603 Stella Cir,North Little Rock,AR,72118.0,107000,3,1.5,1361,13939.0,1945.0,,http://www.redfin.com/AR/North-Little-Rock/5603-Stella-Cir-72118/home/81373799,34.806315600000005,-92.2632316
233,Single Family Residential,5800 Willow Way,North Little Rock,AR,72117.0,179900,4,2.0,1624,,2017.0,13.0,http://www.redfin.com/AR/North-Little-Rock/5800-Willow-Way-72117/home/112365106,34.8065794,-92.1896097
234,Single Family Residential,5701 Wisteria Ct,North Little Rock,AR,72118.0,90000,3,1.0,962,6969.0,1973.0,,http://www.redfin.com/AR/North-Little-Rock/5701-Wisteria-Ct-72118/home/81417844,34.8075607,-92.269329
235,Single Family Residential,5521 Westview Dr,North Little Rock,AR,72118.0,129900,3,2.0,1563,10454.0,1973.0,,http://www.redfin.com/AR/North-Little-Rock/5521-Westview-Dr-72116/home/82946686,34.807283500000004,-92.2588303
236,Single Family Residential,6708 Magnolia Way,North Little Rock,AR,72117.0,199000,4,2.0,1743,7840.0,2018.0,,http://www.redfin.com/AR/North-Little-Rock/6708-Magnolia-Way-72117/home/144813544,34.8083105,-92.1885621
237,Single Family Residential,10620 E Us-70 Hwy,North Little Rock,AR,72117.0,600000,3,2.0,2227,3005640.0,2001.0,,http://www.redfin.com/AR/North-Little-Rock/10620-US-70-72117/home/81362027,34.773995,-92.147806
238,Single Family Residential,1114 Claycut Cir,North Little Rock,AR,72116.0,298000,4,3.5,3670,10454.0,2004.0,,http://www.redfin.com/AR/North-Little-Rock/1114-Claycut-Cir-72116/home/95361745,34.8161638,-92.25292370000001
239,Single Family Residential,36 Oakview Dr,North Little Rock,AR,72118.0,84999,3,1.5,1337,15681.0,1968.0,,http://www.redfin.com/AR/North-Little-Rock/36-Oakview-Dr-72118/home/95309629,34.815473499999996,-92.2680979
240,Single Family Residential,721 Spriggs,North Little Rock,AR,72118.0,69900,3,1.0,1440,22215.0,1963.0,,http://www.redfin.com/AR/North-Little-Rock/721-Spriggs-Rd-72118/home/81372013,34.825601,-92.253782
241,Single Family Residential,5013 Burrow Dr,North Little Rock,AR,72116.0,219900,4,2.5,2494,9583.0,1976.0,,http://www.redfin.com/AR/North-Little-Rock/5013-Burrow-Dr-72116/home/95373680,34.8021922,-92.22360909999999
242,Single Family Residential,3917 N Cedar St,North Little Rock,AR,72116.0,145000,3,2.0,1200,13939.0,1954.0,,http://www.redfin.com/AR/North-Little-Rock/3917-Cedar-St-72116/home/82852283,34.79165089999999,-92.25759659999999
243,Single Family Residential,4401 Arlington Dr,North Little Rock,AR,72116.0,283000,4,3.0,2510,17424.0,1963.0,,http://www.redfin.com/AR/North-Little-Rock/4401-Arlington-Dr-72116/home/82848950,34.795245200000004,-92.242713
244,Single Family Residential,5517 Mcmurtrey Dr,North Little Rock,AR,72118.0,140000,2,1.0,1547,17424.0,1977.0,,http://www.redfin.com/AR/North-Little-Rock/5517-McMurtrey-Dr-72118/home/95318852,34.8127698,-92.32930759999999
245,Single Family Residential,1708 Osceola Dr,North Little Rock,AR,72116.0,175000,4,2.5,2240,10454.0,1977.0,,http://www.redfin.com/AR/North-Little-Rock/1708-Osceola-Dr-72116/home/95310423,34.824003999999995,-92.2455804
246,Single Family Residential,4620 Puckett St,North Little Rock,AR,72117.0,46000,3,1.0,840,6534.0,1974.0,,http://www.redfin.com/AR/North-Little-Rock/4620-Puckett-St-72117/home/95373981,34.7689406,-92.21169640000001
247,Mobile/Manufactured Home,5937 Roundtop,North Little Rock,AR,72117.0,26500,2,1.0,576,14374.0,1980.0,,http://www.redfin.com/AR/North-Little-Rock/5937-Roundtop-Dr-72117/home/81361012,34.8081398,-92.1828165
248,Single Family Residential,5 Perin Rd,North Little Rock,AR,72118.0,119900,3,1.0,1409,20473.0,1966.0,,http://www.redfin.com/AR/North-Little-Rock/5-Perin-Rd-72118/home/95309412,34.8176425,-92.2644722
249,Single Family Residential,327 Parker St,North Little Rock,AR,72114.0,283900,3,2.5,1725,2613.0,2020.0,,http://www.redfin.com/AR/North-Little-Rock/327-Parker-St-72114/home/170932233,34.7593922,-92.2821942
250,Condo/Co-op,909 W 22nd,North Little Rock,AR,72114.0,99000,3,2.0,2320,696960.0,2007.0,,http://www.redfin.com/AR/North-Little-Rock/909-W-22nd-St-72114/home/82986276,34.776140000000005,-92.27750390000001
251,Single Family Residential,1550 Skyline Dr,North Little Rock,AR,72116.0,295000,4,3.5,2832,20908.0,1920.0,,http://www.redfin.com/AR/North-Little-Rock/1550-Skyline-Dr-72116/home/82920543,34.77882879999999,-92.2419069
252,Single Family Residential,6070 Allwood Dr,North Little Rock,AR,72116.0,167900,3,2.0,1580,,2016.0,,http://www.redfin.com/AR/North-Little-Rock/6070-Allwood-Dr-72116/home/95344689,34.810200099999996,-92.25304440000001
253,Single Family Residential,1601 W Long 17th St,North Little Rock,AR,72114.0,24900,2,1.0,892,5662.0,1942.0,,http://www.redfin.com/AR/North-Little-Rock/1601-W-Long-17th-St-72114/home/81376429,34.770970899999995,-92.28425849999999
254,Single Family Residential,708 Silver Hl,North Little Rock,AR,72118.0,210000,4,3.0,1894,7840.0,1974.0,,http://www.redfin.com/AR/North-Little-Rock/708-Silver-Hill-Rd-72118/home/81372444,34.812150200000005,-92.2583152
255,Single Family Residential,1304 W 24th,North Little Rock,AR,,30000,2,1.0,1062,5662.0,1940.0,,http://www.redfin.com/AR/North-Little-Rock/1304-W-24th-St-72114/home/95316965,34.7775943,-92.28084820000001
256,Single Family Residential,3518 N Cypress St,North Little Rock,AR,72116.0,273900,3,2.0,2557,14810.0,1940.0,,http://www.redfin.com/AR/North-Little-Rock/3518-N-Cypress-St-72116/home/95311232,34.787735299999994,-92.2613941
257,Single Family Residential,11571 Crystal Bay Cir,North Little Rock,AR,72113.0,355000,3,2.5,2652,6534.0,2016.0,150.0,http://www.redfin.com/AR/North-Little-Rock/11571-Crystal-Bay-Cir-72113/home/81416939,34.8237739,-92.3909618
258,Single Family Residential,3902 N Cypress St,North Little Rock,AR,72116.0,110000,3,1.0,1210,8276.0,1953.0,,http://www.redfin.com/AR/North-Little-Rock/3902-N-Cypress-St-72116/home/95316463,34.7907986,-92.26171219999999
259,Single Family Residential,213 W J Ave,North Little Rock,AR,72116.0,119900,3,2.0,1008,6969.0,1955.0,,http://www.redfin.com/AR/North-Little-Rock/213-W-J-Ave-72116/home/95311634,34.7931266,-92.2617507
260,Single Family Residential,13601 Harewood Mnr,North Little Rock,AR,72117.0,230000,4,2.5,2120,15681.0,2016.0,,http://www.redfin.com/AR/North-Little-Rock/13601-Harewood-Mnr-72117/home/81411900,34.752636200000005,-92.1142768
261,Single Family Residential,1721 Wewoka Dr,North Little Rock,AR,72116.0,179900,4,3.0,2356,10454.0,1977.0,,http://www.redfin.com/AR/North-Little-Rock/1721-Wewoka-Dr-72116/home/82890014,34.8261566,-92.2447306
262,Single Family Residential,5 Desoto Cir,North Little Rock,AR,72116.0,305000,4,3.5,2955,12196.0,1970.0,,http://www.redfin.com/AR/North-Little-Rock/5-Desoto-Cir-72116/home/82883112,34.7900761,-92.2329877
263,Single Family Residential,1800 Mill Creek Cir,North Little Rock,AR,72116.0,254900,3,2.5,2350,,1973.0,13.0,http://www.redfin.com/AR/North-Little-Rock/1800-Mill-Creek-Cir-72116/home/81372945,34.8071059,-92.2446829
264,Single Family Residential,3721 Idlewild Ave,North Little Rock,AR,72116.0,189900,4,2.0,2035,9583.0,1954.0,,http://www.redfin.com/AR/North-Little-Rock/3721-Idlewild-Ave-72116/home/81420682,34.789924,-92.25536590000002
265,Single Family Residential,1445 Rockwater Ln,North Little Rock,AR,72114.0,625000,4,3.5,2757,7405.0,2015.0,139.0,http://www.redfin.com/AR/North-Little-Rock/1445-Rockwater-Ln-72114/home/95359972,34.75930579999999,-92.28522059999999
266,Single Family Residential,13000 Secretariat Dr,Scott,AR,72142.0,254900,4,2.0,2089,,2010.0,,http://www.redfin.com/AR/Scott/13000-Secretariat-Dr-72142/home/82865183,34.6878261,-92.1189816
267,Single Family Residential,9008 Wetherbee Cir,Sherwood,AR,72120.0,409999,5,3.5,3678,13068.0,2005.0,8.0,http://www.redfin.com/AR/Sherwood/9008-Wetherbee-Cir-72120/home/81409861,34.8515461,-92.2131757
268,Single Family Residential,115 Wild Oak Dr,Sherwood,AR,72120.0,224900,4,3.0,2181,14374.0,1991.0,,http://www.redfin.com/AR/Sherwood/115-Wild-Oak-Dr-72120/home/95376280,34.83918920000001,-92.2148664
269,Single Family Residential,221 W Woodruff Rd,Sherwood,AR,72120.0,159000,4,2.0,1486,13939.0,1950.0,,http://www.redfin.com/AR/Sherwood/221-W-Woodruff-Ave-72120/home/95373252,34.8443143,-92.23342020000001
270,Single Family Residential,22 Knights Brg,Sherwood,AR,72120.0,219900,5,3.0,3722,11325.0,1980.0,,http://www.redfin.com/AR/Sherwood/22-Knights-Bridge-Rd-72120/home/95378638,34.8068859,-92.223955
271,Single Family Residential,9301 Woodbine,Sherwood,AR,72120.0,122000,3,1.5,1305,8276.0,1970.0,,http://www.redfin.com/AR/Sherwood/9301-Woodbine-Dr-72120/home/81363485,34.839386600000005,-92.2236228
272,Single Family Residential,110 Fork River Rd,Sherwood,AR,72120.0,269900,5,4.5,3776,,1986.0,13.0,http://www.redfin.com/AR/SHERWOOD/110-FORK-RIVER-RD-72120/home/82800097,34.810390999999996,-92.231889
273,Single Family Residential,8217 Park Ave,Sherwood,AR,72120.0,174900,3,2.5,2312,12632.0,1970.0,,http://www.redfin.com/AR/Sherwood/8217-Park-Ave-72120/home/95376296,34.8320783,-92.21361759999999
274,Single Family Residential,201 Amber Oaks Dr,Sherwood,AR,72120.0,179900,3,2.0,1883,7405.0,1993.0,,http://www.redfin.com/AR/Sherwood/201-Amber-Oaks-Dr-72120/home/95373047,34.854155799999994,-92.2272604
275,Single Family Residential,1916 Hidden Creek Dr,Sherwood,AR,72120.0,239900,3,2.0,2060,9583.0,2005.0,,http://www.redfin.com/AR/Sherwood/1916-Hidden-Creek-Dr-72120/home/95344485,34.855481299999994,-92.22900920000001
276,Single Family Residential,50 Wesley,Sherwood,AR,72120.0,114900,2,2.0,1368,10454.0,1958.0,,http://www.redfin.com/AR/Sherwood/50-Wesley-Dr-72120/home/81362545,34.8393372,-92.226876
277,Single Family Residential,9216 Millers Pointe Ct,Sherwood,AR,72120.0,515000,3,2.5,3600,22215.0,2012.0,29.0,http://www.redfin.com/AR/Sherwood/9216-Millers-Pointe-Ct-72120/home/95358814,34.8555734,-92.2097177
278,Single Family Residential,8916 Stillwater Rd,Sherwood,AR,72120.0,469594,5,3.0,3307,13068.0,2020.0,,http://www.redfin.com/AR/Sherwood/8916-Stillwater-Rd-72120/home/81417304,34.8493079,-92.204684
279,Single Family Residential,501 E Lee Ave,Sherwood,AR,72120.0,199500,4,2.5,2248,39639.0,1956.0,,http://www.redfin.com/AR/Sherwood/501-E-Lee-Ave-72120/home/81363353,34.8310486,-92.228368
280,Single Family Residential,407 Burntwood,Sherwood,AR,72120.0,227500,4,2.5,2801,12196.0,1977.0,,http://www.redfin.com/AR/Sherwood/407-Burntwood-Rd-72120/home/81363888,34.8146857,-92.2123112
281,Single Family Residential,9 Lucy Ln,Sherwood,AR,72120.0,135000,3,1.5,1358,15245.0,1969.0,,http://www.redfin.com/AR/Sherwood/9-Lucy-Ln-72120/home/95373344,34.8356789,-92.1763613
282,Single Family Residential,708 & 804 Koehler Ave,Sherwood,AR,72120.0,695000,7,7.0,5010,152460.0,1973.0,,http://www.redfin.com/AR/Sherwood/804-Koehler-Ave-72120/home/81364187,34.8096,-92.223635
283,Single Family Residential,113 Summer Shade Ln,Sherwood,AR,72120.0,89900,3,1.5,1155,9583.0,1977.0,,http://www.redfin.com/AR/Sherwood/113-Summer-Shade-Ln-72120/home/82858630,34.839554,-92.20781590000001
284,Single Family Residential,9517 Meadow Valley Dr,Sherwood,AR,72120.0,260900,3,2.0,1965,9147.0,2015.0,8.0,http://www.redfin.com/AR/Sherwood/9517-Meadow-Valley-Dr-72120/home/95359908,34.8596563,-92.212594
285,Single Family Residential,16 Windstone Dr,Sherwood,AR,72120.0,165000,3,2.0,1626,16117.0,1983.0,,http://www.redfin.com/AR/North-Little-Rock/16-Windstone-Dr-72120/home/95380879,34.8709266,-92.2366487
286,Single Family Residential,6009 Trammel Estates Dr,Sherwood,AR,72117.0,154900,3,2.0,1450,7840.0,2012.0,10.0,http://www.redfin.com/AR/North-Little-Rock/6009-Trammel-Estates-Dr-72117/home/81417881,34.8086077,-92.1931036
287,Single Family Residential,9300 Woodbine,Sherwood,AR,72120.0,134900,4,2.0,1488,8276.0,1965.0,,http://www.redfin.com/AR/Sherwood/9300-Woodbine-Dr-72120/home/82865805,34.839361,-92.22310300000001
288,Single Family Residential,8212 Tall Oaks Cv,Sherwood,AR,72120.0,157000,3,2.0,1412,8712.0,1987.0,,http://www.redfin.com/AR/Sherwood/8212-Tall-Oaks-72120/home/82934287,34.8309523,-92.2375624
289,Single Family Residential,1105 Silver Creek Dr,Sherwood,AR,72120.0,155000,4,2.0,2429,9147.0,1978.0,,http://www.redfin.com/AR/Sherwood/1105-Silver-Creek-Dr-72120/home/81364254,34.8064785,-92.2226483
290,Single Family Residential,32 Hamilton Park Dr,Sherwood,AR,72120.0,159900,3,2.0,1456,8276.0,1993.0,,http://www.redfin.com/AR/Sherwood/32-Hamilton-Park-Dr-72120/home/95373144,34.840915100000004,-92.22307099999999
291,Single Family Residential,320 Indianhead Dr,Sherwood,AR,72120.0,201500,3,2.0,2107,16117.0,1968.0,4.0,http://www.redfin.com/AR/Sherwood/320-Indianhead-Dr-72120/home/95373355,34.839009499999996,-92.17812740000001
292,Single Family Residential,92 Spring Grove Dr,Sherwood,AR,,199500,4,3.0,1968,8712.0,1977.0,,http://www.redfin.com/AR/North-Little-Rock/92-Spring-Grove-Dr-72120/home/95372992,34.84082,-92.22461190000001
293,Single Family Residential,9724 Hickory Heights Dr,Sherwood,AR,72120.0,437500,4,3.5,3200,12632.0,2020.0,,http://www.redfin.com/AR/Sherwood/9724-Hickory-Heights-Dr-72120/home/95359848,34.857239,-92.217543
294,Single Family Residential,1110 Sliver Creek Dr,Sherwood,AR,72120.0,195000,3,2.0,1970,10018.0,1977.0,,http://www.redfin.com/AR/Sherwood/1110-Silver-Creek-Dr-72120/home/95378372,34.8059841,-92.22138000000001
295,Single Family Residential,10 Dunfrettin Pl,Sherwood,AR,72120.0,175000,3,2.0,2200,,1965.0,,http://www.redfin.com/AR/Sherwood/10-Dunfrettin-Pl-72120/home/82933994,34.8367756,-92.18012390000001
296,Single Family Residential,9740 Cliffside Dr,Sherwood,AR,72120.0,409900,5,3.0,3002,12196.0,2020.0,,http://www.redfin.com/AR/Sherwood/9740-Cliffside-Dr-72120/home/172522020,34.8535929,-92.2095148
297,Single Family Residential,9308 Johnson Dr,Sherwood,AR,72120.0,320000,4,3.0,2827,12196.0,2008.0,,http://www.redfin.com/AR/Sherwood/9308-Johnson-Dr-72120/home/95357739,34.8476383,-92.2100248
298,Single Family Residential,9908 Farris Ave,Sherwood,AR,72120.0,149900,3,1.0,1667,38332.0,1949.0,,http://www.redfin.com/AR/Sherwood/9908-Farris-Ave-72120/home/81358745,34.845234000000005,-92.224231
